RiskCategory, Payoff
SELECTEE, 7500.000001229014
UNKNOWN, 59999.99999920206
LOWRISK1, 46314.368437916375
LOWRISK2, 44999.99999851463
LOWRISK3, 45000.00000186036
LOWRISK4, 74999.9999139294