RiskCategory, Payoff
SELECTEE, 9619.78928128375
UNKNOWN, 59999.99999990854
LOWRISK1, 45942.850771747086
LOWRISK2, 44999.999999932064
LOWRISK3, 45000.00000005223
LOWRISK4, 74999.99999858781