RiskCategory, Payoff
SELECTEE, 12499.999996634155
UNKNOWN, 64799.49112171759
LOWRISK1, 52500.00002132852
LOWRISK2, 45000.00000635941
LOWRISK3, 52499.99996915715
LOWRISK4, 74999.99994041762