RiskCategory, Payoff
SELECTEE, 9619.789283312703
UNKNOWN, 59999.99999987013
LOWRISK1, 45942.85077261299
LOWRISK2, 44999.99999967078
LOWRISK3, 45000.00000006812
LOWRISK4, 74999.99999189457