RiskCategory, Payoff
SELECTEE, 12500.000010109712
UNKNOWN, 64799.49153854462
LOWRISK1, 52500.00000252449
LOWRISK2, 45000.00014393112
LOWRISK3, 52499.999756652825
LOWRISK4, 74999.99960634964