RiskCategory, Payoff
SELECTEE, 12500.000000221986
UNKNOWN, 64799.491079331514
LOWRISK1, 52500.0000001136
LOWRISK2, 45000.00000170414
LOWRISK3, 52499.99999342177
LOWRISK4, 74999.99998728678