RiskCategory, Payoff
SELECTEE, 5625.000001170068
UNKNOWN, 16875.000000898024
LOWRISK1, 14023.371834407124
LOWRISK2, 11249.999997041677
LOWRISK3, 11249.999804419847
LOWRISK4, 44999.99985036664