RiskCategory, Payoff
SELECTEE, 12499.999994710635
UNKNOWN, 64799.491057307416
LOWRISK1, 52499.999976300605
LOWRISK2, 45000.0000323646
LOWRISK3, 52499.999913384316
LOWRISK4, 74999.99979425962