RiskCategory, Payoff
SELECTEE, 5625.000000012544
UNKNOWN, 16875.000000014606
LOWRISK1, 14450.225315787671
LOWRISK2, 11249.999999946009
LOWRISK3, 9375.000009234896
LOWRISK4, 44999.99999942938