RiskCategory, Payoff
SELECTEE, 12499.999999970243
UNKNOWN, 64799.491066144205
LOWRISK1, 52500.00000013618
LOWRISK2, 45000.00000026844
LOWRISK3, 52499.9999990863
LOWRISK4, 74999.99999732252