RiskCategory, Payoff
SELECTEE, 12500.000000013451
UNKNOWN, 64799.49106989303
LOWRISK1, 52500.00000038551
LOWRISK2, 45000.00000075136
LOWRISK3, 52499.99999699177
LOWRISK4, 74999.99999418596