RiskCategory, Payoff
SELECTEE, 12500.00009560648
UNKNOWN, 64799.49140260447
LOWRISK1, 52499.99989957125
LOWRISK2, 45000.000126850755
LOWRISK3, 52499.99976479093
LOWRISK4, 74999.99946200836