RiskCategory, Payoff
SELECTEE, 12500.000001982284
UNKNOWN, 64799.49112035615
LOWRISK1, 52500.00003232016
LOWRISK2, 45000.00001052389
LOWRISK3, 52499.99996855956
LOWRISK4, 74999.99993443034