RiskCategory, Payoff
SELECTEE, 12500.000000003993
UNKNOWN, 64799.491065293325
LOWRISK1, 52500.00000013849
LOWRISK2, 45000.000000152366
LOWRISK3, 52499.99999955143
LOWRISK4, 74999.9999990257