RiskCategory, Payoff
SELECTEE, 12500.00000154216
UNKNOWN, 64799.492451861785
LOWRISK1, 52499.999955533815
LOWRISK2, 45000.00017822015
LOWRISK3, 52499.99939731735
LOWRISK4, 74999.99850436451