RiskCategory, Payoff
SELECTEE, 7499.999988192394
UNKNOWN, 59999.999995370854
LOWRISK1, 45000.00000029203
LOWRISK2, 44999.999858050185
LOWRISK3, 44999.9999711738
LOWRISK4, 67499.99998533848