RiskCategory, Payoff
SELECTEE, 12500.000000250076
UNKNOWN, 64799.491070125274
LOWRISK1, 52499.99999969673
LOWRISK2, 45000.00000108899
LOWRISK3, 52499.99999711137
LOWRISK4, 74999.99999431164