RiskCategory, Payoff
SELECTEE, 7500.000001103913
UNKNOWN, 59999.99999044803
LOWRISK1, 47473.022776974525
LOWRISK2, 44999.999993664285
LOWRISK3, 45000.00001146619
LOWRISK4, 74999.99960454638