RiskCategory, Payoff
SELECTEE, 7500.0000013946155
UNKNOWN, 59999.9999994953
LOWRISK1, 46314.3684436051
LOWRISK2, 44999.999998546555
LOWRISK3, 45000.00000249674
LOWRISK4, 74999.9998966892