RiskCategory, Payoff
SELECTEE, 5625.000000054722
UNKNOWN, 29999.99999966636
LOWRISK1, 16875.00000016456
LOWRISK2, 15000.000000947453
LOWRISK3, 15000.000000380729
LOWRISK4, 59999.99999160285