RiskCategory, Payoff
SELECTEE, 12500.000000018972
UNKNOWN, 64799.49106485693
LOWRISK1, 52499.99999995325
LOWRISK2, 45000.0000001116
LOWRISK3, 52499.999999816566
LOWRISK4, 74999.9999996191