RiskCategory, Payoff
SELECTEE, 5625.000000633637
UNKNOWN, 22499.999997979212
LOWRISK1, 15000.0000035797
LOWRISK2, 14999.999988057434
LOWRISK3, 13124.999988041634
LOWRISK4, 52500.00072093291