RiskCategory, Payoff
SELECTEE, 5625.000000164995
UNKNOWN, 29999.99999902227
LOWRISK1, 16875.000000185246
LOWRISK2, 15000.000001062483
LOWRISK3, 14999.999999933132
LOWRISK4, 59999.999978459324