RiskCategory, Payoff
SELECTEE, 5625.0000000285145
UNKNOWN, 37499.99999954272
LOWRISK1, 22499.999999937376
LOWRISK2, 22499.999982430647
LOWRISK3, 16875.000001580214
LOWRISK4, 59999.99999995391