RiskCategory, Payoff
SELECTEE, 7500.00000814015
UNKNOWN, 60000.000000060696
LOWRISK1, 47473.02289107676
LOWRISK2, 44999.99998616222
LOWRISK3, 45000.00000370474
LOWRISK4, 74999.99942428767