RiskCategory, Payoff
SELECTEE, 12500.000022415119
UNKNOWN, 64799.49131647367
LOWRISK1, 52499.99998180111
LOWRISK2, 45000.00007477816
LOWRISK3, 52499.999820952486
LOWRISK4, 74999.99958178193