RiskCategory, Payoff
SELECTEE, 9999.999999660291
UNKNOWN, 59999.999999624735
LOWRISK1, 52499.999996557926
LOWRISK2, 44999.999998491076
LOWRISK3, 45000.000054052056
LOWRISK4, 74999.99995695469