RiskCategory, Payoff
SELECTEE, 12499.999999824015
UNKNOWN, 64799.49106757655
LOWRISK1, 52499.99999999491
LOWRISK2, 45000.000000300344
LOWRISK3, 52499.99999862585
LOWRISK4, 74999.9999972244