RiskCategory, Payoff
SELECTEE, 9619.789281631223
UNKNOWN, 59999.999999950676
LOWRISK1, 45942.85077166325
LOWRISK2, 44999.999999904445
LOWRISK3, 45000.00000001591
LOWRISK4, 74999.99999747766