RiskCategory, Payoff
SELECTEE, 5625.000000020426
UNKNOWN, 44999.99999997986
LOWRISK1, 30000.00000009479
LOWRISK2, 22500.000001333556
LOWRISK3, 29999.99999796391
LOWRISK4, 67499.99999668146