RiskCategory, Payoff
SELECTEE, 5625.000000112106
UNKNOWN, 44999.99999898558
LOWRISK1, 29999.99999945842
LOWRISK2, 22499.99999948196
LOWRISK3, 22499.999998658866
LOWRISK4, 67499.99997237702