RiskCategory, Payoff
SELECTEE, 12499.999999306656
UNKNOWN, 64799.49108048346
LOWRISK1, 52500.00000451237
LOWRISK2, 45000.00000913431
LOWRISK3, 52499.99997192164
LOWRISK4, 74999.9999176648