RiskCategory, Payoff
SELECTEE, 12500.000000110875
UNKNOWN, 64799.49106547567
LOWRISK1, 52500.000000111824
LOWRISK2, 45000.00000077862
LOWRISK3, 52499.999998473344
LOWRISK4, 74999.9999949068