RiskCategory, Payoff
SELECTEE, 5625.00000173674
UNKNOWN, 44999.99999609307
LOWRISK1, 29999.999996889586
LOWRISK2, 22499.999997417865
LOWRISK3, 22500.00002080222
LOWRISK4, 67499.99980089806