RiskCategory, Payoff
SELECTEE, 7500.000005656904
UNKNOWN, 60000.000000329535
LOWRISK1, 47473.02275623964
LOWRISK2, 44999.99999925796
LOWRISK3, 45000.00000012761
LOWRISK4, 74999.99998037986