RiskCategory, Payoff
SELECTEE, 7500.000002887057
UNKNOWN, 59999.99999378955
LOWRISK1, 46314.3703947547
LOWRISK2, 44999.999853876114
LOWRISK3, 45000.00010046016
LOWRISK4, 74999.99437799814