RiskCategory, Payoff
SELECTEE, 12500.000030463407
UNKNOWN, 64799.4915177862
LOWRISK1, 52499.99999819533
LOWRISK2, 45000.000175395755
LOWRISK3, 52499.99973166464
LOWRISK4, 74999.99937412293