RiskCategory, Payoff
SELECTEE, 12499.999974162707
UNKNOWN, 64799.49146450971
LOWRISK1, 52499.99999197413
LOWRISK2, 45000.00010110276
LOWRISK3, 52499.99979254163
LOWRISK4, 74999.99965786518