RiskCategory, Payoff
SELECTEE, 12500.000000304097
UNKNOWN, 64799.49109195559
LOWRISK1, 52500.00000095756
LOWRISK2, 45000.00000280256
LOWRISK3, 52499.99998767622
LOWRISK4, 74999.99997284925