RiskCategory, Payoff
SELECTEE, 5625.000001529405
UNKNOWN, 29999.999993639292
LOWRISK1, 16875.000021772565
LOWRISK2, 16874.999867682684
LOWRISK3, 15000.000066245575
LOWRISK4, 59999.99976160581