RiskCategory, Payoff
SELECTEE, 12499.9999666542
UNKNOWN, 60000.0000085202
LOWRISK1, 52500.000044486755
LOWRISK2, 45000.00003489007
LOWRISK3, 52499.9995618348
LOWRISK4, 74999.99925078191