RiskCategory, Payoff
SELECTEE, 5625.000000803065
UNKNOWN, 22499.999998744104
LOWRISK1, 15000.000032323449
LOWRISK2, 14999.999993274796
LOWRISK3, 13125.000051013001
LOWRISK4, 59999.99933760235