RiskCategory, Payoff
SELECTEE, 12499.999998899251
UNKNOWN, 64799.49108237688
LOWRISK1, 52500.00000450495
LOWRISK2, 45000.0000032374
LOWRISK3, 52499.99999021692
LOWRISK4, 74999.99997988928