RiskCategory, Payoff
SELECTEE, 5625.000000058724
UNKNOWN, 16875.000000071235
LOWRISK1, 14999.99999967896
LOWRISK2, 11250.000000027789
LOWRISK3, 11249.99999926023
LOWRISK4, 45000.00000080692