RiskCategory, Payoff
SELECTEE, 7500.000007745463
UNKNOWN, 60000.00000013449
LOWRISK1, 47473.02289117888
LOWRISK2, 44999.999986275
LOWRISK3, 45000.00000336937
LOWRISK4, 74999.99943458987