RiskCategory, Payoff
SELECTEE, 7500.000012949686
UNKNOWN, 59999.99999903801
LOWRISK1, 47473.0227822211
LOWRISK2, 44999.999996493454
LOWRISK3, 45000.00000236852
LOWRISK4, 74999.99987939175