RiskCategory, Payoff
SELECTEE, 12500.000000024094
UNKNOWN, 64799.49107017875
LOWRISK1, 52500.00000031595
LOWRISK2, 45000.00000087535
LOWRISK3, 52499.99999717718
LOWRISK4, 74999.99999455559