RiskCategory, Payoff
SELECTEE, 5625.000000040943
UNKNOWN, 16874.999999994543
LOWRISK1, 13125.000014937696
LOWRISK2, 11249.999999948865
LOWRISK3, 11249.999995285783
LOWRISK4, 44999.99999293638