RiskCategory, Payoff
SELECTEE, 12499.999999912208
UNKNOWN, 64799.491066952556
LOWRISK1, 52500.000000622866
LOWRISK2, 45000.00000022505
LOWRISK3, 52499.9999987792
LOWRISK4, 74999.99999754058