RiskCategory, Payoff
SELECTEE, 9619.789721441733
UNKNOWN, 59999.99998780594
LOWRISK1, 45942.85136897628
LOWRISK2, 44999.999956329666
LOWRISK3, 45000.00000915173
LOWRISK4, 74999.99885252943