RiskCategory, Payoff
SELECTEE, 5625.000098129805
UNKNOWN, 52499.99998500398
LOWRISK1, 44999.99985075787
LOWRISK2, 37499.99910127383
LOWRISK3, 37499.9987086853
LOWRISK4, 67499.99909320328