RiskCategory, Payoff
SELECTEE, 12500.000000197477
UNKNOWN, 64799.491068688956
LOWRISK1, 52500.00000048171
LOWRISK2, 45000.00000072705
LOWRISK3, 52499.999998456515
LOWRISK4, 74999.99999622244