RiskCategory, Payoff
SELECTEE, 5625.000001824169
UNKNOWN, 22500.000032562624
LOWRISK1, 16874.999996018218
LOWRISK2, 15000.000003266336
LOWRISK3, 14999.999906601892
LOWRISK4, 59999.999329550395