RiskCategory, Payoff
SELECTEE, 5625.000008857097
UNKNOWN, 45000.00000074803
LOWRISK1, 37499.999942668626
LOWRISK2, 29999.999881364347
LOWRISK3, 29999.99986170721
LOWRISK4, 67499.99958448076