RiskCategory, Payoff
SELECTEE, 12500.000005046137
UNKNOWN, 64799.49136246347
LOWRISK1, 52500.00004010934
LOWRISK2, 45000.0001056282
LOWRISK3, 52499.99973761403
LOWRISK4, 74999.99958820711