RiskCategory, Payoff
SELECTEE, 12500.000006568767
UNKNOWN, 64799.49116229332
LOWRISK1, 52499.99996136534
LOWRISK2, 45000.000036295874
LOWRISK3, 52499.9999527738
LOWRISK4, 74999.99990973771