RiskCategory, Payoff
SELECTEE, 12499.99992673439
UNKNOWN, 64799.49156277175
LOWRISK1, 52500.00298688295
LOWRISK2, 45000.00117909614
LOWRISK3, 52499.99992335811
LOWRISK4, 74999.99928562039