RiskCategory, Payoff
SELECTEE, 12500.0000205856
UNKNOWN, 64799.491287239194
LOWRISK1, 52500.000094749725
LOWRISK2, 45000.00006762606
LOWRISK3, 52499.99984209053
LOWRISK4, 74999.99963107015