RiskCategory, Payoff
SELECTEE, 5625.000000017972
UNKNOWN, 29999.999999971675
LOWRISK1, 22499.99999976195
LOWRISK2, 16874.99999999312
LOWRISK3, 16874.999999177206
LOWRISK4, 59999.999998456566