RiskCategory, Payoff
SELECTEE, 9619.789332869943
UNKNOWN, 59999.999998356645
LOWRISK1, 45942.85076225911
LOWRISK2, 44999.99999368137
LOWRISK3, 45000.00000131383
LOWRISK4, 74999.99983991846