RiskCategory, Payoff
SELECTEE, 12499.999998843288
UNKNOWN, 64799.49136209118
LOWRISK1, 52500.000047583446
LOWRISK2, 45000.000111746805
LOWRISK3, 52499.999732978584
LOWRISK4, 74999.99958823019