RiskCategory, Payoff
SELECTEE, 12499.99999996621
UNKNOWN, 64799.49106512152
LOWRISK1, 52500.00000014372
LOWRISK2, 45000.00000009709
LOWRISK3, 52499.999999662374
LOWRISK4, 74999.99999917504