RiskCategory, Payoff
SELECTEE, 5625.0000009375535
UNKNOWN, 29999.999999753847
LOWRISK1, 22499.999993888156
LOWRISK2, 16875.00000618268
LOWRISK3, 16875.000002946275
LOWRISK4, 59999.99994722507