RiskCategory, Payoff
SELECTEE, 12499.998336375887
UNKNOWN, 64799.493353629485
LOWRISK1, 52500.00220356826
LOWRISK2, 45000.00023956131
LOWRISK3, 52499.999870526466
LOWRISK4, 74999.99963858495