RiskCategory, Payoff
SELECTEE, 12500.00000001682
UNKNOWN, 64799.49106490488
LOWRISK1, 52499.99999994786
LOWRISK2, 45000.00000007693
LOWRISK3, 52499.99999987634
LOWRISK4, 74999.99999970582