RiskCategory, Payoff
SELECTEE, 9619.789315421132
UNKNOWN, 59999.999998843195
LOWRISK1, 45942.85079222224
LOWRISK2, 44999.99999616843
LOWRISK3, 45000.00000149654
LOWRISK4, 74999.99989396607