RiskCategory, Payoff
SELECTEE, 12499.99999452957
UNKNOWN, 64799.49143713369
LOWRISK1, 52500.00001147385
LOWRISK2, 45000.00008054799
LOWRISK3, 52499.999777616395
LOWRISK4, 74999.99967051945