RiskCategory, Payoff
SELECTEE, 5625.000001585676
UNKNOWN, 22499.999999256455
LOWRISK1, 16874.999968040796
LOWRISK2, 14999.999992083616
LOWRISK3, 14999.999109362896
LOWRISK4, 59999.999158313956