RiskCategory, Payoff
SELECTEE, 12500.000000805676
UNKNOWN, 64799.49106923186
LOWRISK1, 52499.999996943065
LOWRISK2, 45000.000001130466
LOWRISK3, 52499.99999636119
LOWRISK4, 74999.99998995863