RiskCategory, Payoff
SELECTEE, 5625.000000007819
UNKNOWN, 30000.000000003627
LOWRISK1, 22499.999999952983
LOWRISK2, 16875.000000087446
LOWRISK3, 16875.000000208096
LOWRISK4, 59999.99999960102