RiskCategory, Payoff
SELECTEE, 5625.0000064208125
UNKNOWN, 29999.9999956917
LOWRISK1, 22499.999953764374
LOWRISK2, 16874.999998085637
LOWRISK3, 16874.999592508553
LOWRISK4, 59999.99974217131