RiskCategory, Payoff
SELECTEE, 12500.000000121725
UNKNOWN, 64799.491100614454
LOWRISK1, 52499.99999768188
LOWRISK2, 45000.00000273668
LOWRISK3, 52499.99998468518
LOWRISK4, 74999.99997081816