RiskCategory, Payoff
SELECTEE, 12500.00000000284
UNKNOWN, 64799.49107974152
LOWRISK1, 52500.000001829
LOWRISK2, 45000.000001713706
LOWRISK3, 52499.9999923972
LOWRISK4, 74999.99998468059