RiskCategory, Payoff
SELECTEE, 12500.000034412204
UNKNOWN, 64799.49295329387
LOWRISK1, 52500.000073302734
LOWRISK2, 45000.0003809514
LOWRISK3, 52499.99913598287
LOWRISK4, 74999.99869844136