RiskCategory, Payoff
SELECTEE, 7500.000000629236
UNKNOWN, 59999.99999217744
LOWRISK1, 47473.02277615975
LOWRISK2, 44999.99999234104
LOWRISK3, 45000.00001181718
LOWRISK4, 74999.99959761