RiskCategory, Payoff
SELECTEE, 12500.00000002955
UNKNOWN, 64799.491065333044
LOWRISK1, 52500.00000012016
LOWRISK2, 45000.00000011654
LOWRISK3, 52499.99999961186
LOWRISK4, 74999.999999178