RiskCategory, Payoff
SELECTEE, 12500.000003328907
UNKNOWN, 64799.49114948694
LOWRISK1, 52500.00000029584
LOWRISK2, 45000.00000925098
LOWRISK3, 52499.99995741792
LOWRISK4, 74999.99991664136