RiskCategory, Payoff
SELECTEE, 5625.00000018096
UNKNOWN, 5625.000000148813
LOWRISK1, 5625.000000294994
LOWRISK2, 5625.000000339051
LOWRISK3, 5624.99999807402
LOWRISK4, 5625.000009035296