RiskCategory, Payoff
SELECTEE, 12499.999963349754
UNKNOWN, 64799.491268134036
LOWRISK1, 52500.000022651875
LOWRISK2, 45000.00001005339
LOWRISK3, 52499.999947388285
LOWRISK4, 74999.99987515982