RiskCategory, Payoff
SELECTEE, 5625.000025357784
UNKNOWN, 29999.999980438864
LOWRISK1, 22499.999796996522
LOWRISK2, 16875.00010551352
LOWRISK3, 16874.999860120337
LOWRISK4, 59999.99831391235