RiskCategory, Payoff
SELECTEE, 12500.000000311142
UNKNOWN, 64799.49106978343
LOWRISK1, 52499.99999980572
LOWRISK2, 45000.00000064751
LOWRISK3, 52499.9999974748
LOWRISK4, 74999.99999441748