RiskCategory, Payoff
SELECTEE, 5625.000000013134
UNKNOWN, 22499.999999947824
LOWRISK1, 15000.000000026459
LOWRISK2, 14999.999999562926
LOWRISK3, 13124.999992381776
LOWRISK4, 52499.99999927941