RiskCategory, Payoff
SELECTEE, 5625.000000235818
UNKNOWN, 29999.99999965897
LOWRISK1, 22499.999996763603
LOWRISK2, 16874.999999714742
LOWRISK3, 16874.999963019854
LOWRISK4, 59999.99998636496