RiskCategory, Payoff
SELECTEE, 12500.000000861624
UNKNOWN, 64799.49111084119
LOWRISK1, 52499.999999853506
LOWRISK2, 45000.00000567486
LOWRISK3, 52499.99997890588
LOWRISK4, 74999.99995483289