RiskCategory, Payoff
SELECTEE, 5625.000000008821
UNKNOWN, 22499.999999935
LOWRISK1, 14999.999999978892
LOWRISK2, 13125.000000088812
LOWRISK3, 11250.00000016402
LOWRISK4, 52499.99999871508