RiskCategory, Payoff
SELECTEE, 12499.998863493256
UNKNOWN, 64799.49179712796
LOWRISK1, 52500.00247210686
LOWRISK2, 45000.00041986174
LOWRISK3, 52499.99973207101
LOWRISK4, 74999.99946601689