RiskCategory, Payoff
SELECTEE, 9619.789283431846
UNKNOWN, 59999.99999984666
LOWRISK1, 45942.85077261331
LOWRISK2, 44999.99999966961
LOWRISK3, 45000.00000006838
LOWRISK4, 74999.99999154835