RiskCategory, Payoff
SELECTEE, 12499.999776970431
UNKNOWN, 60000.00000014575
LOWRISK1, 52499.9999983398
LOWRISK2, 44999.9999992094
LOWRISK3, 52499.9999622981
LOWRISK4, 74999.99997253314