RiskCategory, Payoff
SELECTEE, 12499.999990434586
UNKNOWN, 64799.49131210469
LOWRISK1, 52500.00001092201
LOWRISK2, 45000.00002132608
LOWRISK3, 52499.999901745025
LOWRISK4, 74999.9997959891