RiskCategory, Payoff
SELECTEE, 12500.000020091971
UNKNOWN, 64799.492245945235
LOWRISK1, 52500.00004994016
LOWRISK2, 45000.000486388286
LOWRISK3, 52499.99934849483
LOWRISK4, 74999.99836486705