RiskCategory, Payoff
SELECTEE, 5625.000000538525
UNKNOWN, 29999.99999296771
LOWRISK1, 16875.000000783235
LOWRISK2, 15000.000005054339
LOWRISK3, 14999.999997672967
LOWRISK4, 59999.999871425585