RiskCategory, Payoff
SELECTEE, 12500.000001089711
UNKNOWN, 64799.491130528244
LOWRISK1, 52500.000000328146
LOWRISK2, 45000.00000913958
LOWRISK3, 52499.999966995434
LOWRISK4, 74999.99993803527