RiskCategory, Payoff
SELECTEE, 12499.999996255816
UNKNOWN, 64799.49115655913
LOWRISK1, 52500.000014789664
LOWRISK2, 45000.00001493013
LOWRISK3, 52499.99995204877
LOWRISK4, 74999.99989948515