RiskCategory, Payoff
SELECTEE, 5625.000000028236
UNKNOWN, 37499.999999542975
LOWRISK1, 22499.99999993739
LOWRISK2, 22499.999982438792
LOWRISK3, 16875.00000157929
LOWRISK4, 59999.99999995387