RiskCategory, Payoff
SELECTEE, 5625.000000589086
UNKNOWN, 30000.000001695575
LOWRISK1, 22499.999997038823
LOWRISK2, 16875.00001090994
LOWRISK3, 16875.00001376442
LOWRISK4, 59999.999975508115