RiskCategory, Payoff
SELECTEE, 5625.000010592185
UNKNOWN, 45000.00002561081
LOWRISK1, 37499.9999823438
LOWRISK2, 29999.99995089763
LOWRISK3, 29999.99993347995
LOWRISK4, 67499.99967780426