RiskCategory, Payoff
SELECTEE, 9375.000169369494
UNKNOWN, 60000.00001774904
LOWRISK1, 46287.19838644909
LOWRISK2, 44999.99993891023
LOWRISK3, 45000.000028737595
LOWRISK4, 74999.99817542834