RiskCategory, Payoff
SELECTEE, 12499.999988085961
UNKNOWN, 64799.49145184336
LOWRISK1, 52499.999987949035
LOWRISK2, 45000.00007921524
LOWRISK3, 52499.99978750058
LOWRISK4, 74999.99966192953