RiskCategory, Payoff
SELECTEE, 12500.000001865223
UNKNOWN, 64799.49143554674
LOWRISK1, 52499.99995172071
LOWRISK2, 45000.00023558127
LOWRISK3, 52499.99944815365
LOWRISK4, 74999.99874075555