RiskCategory, Payoff
SELECTEE, 12500.000011886394
UNKNOWN, 64799.49123932185
LOWRISK1, 52499.99999658223
LOWRISK2, 45000.000049125825
LOWRISK3, 52499.99987656071
LOWRISK4, 74999.99969578325