RiskCategory, Payoff
SELECTEE, 12499.999997550072
UNKNOWN, 64799.49114932189
LOWRISK1, 52500.000013858065
LOWRISK2, 45000.00000982447
LOWRISK3, 52499.99995681909
LOWRISK4, 74999.99991524903