RiskCategory, Payoff
SELECTEE, 12500.000001740644
UNKNOWN, 64799.491081127315
LOWRISK1, 52499.999999685504
LOWRISK2, 45000.00000214079
LOWRISK3, 52499.999991636876
LOWRISK4, 74999.99998221827