RiskCategory, Payoff
SELECTEE, 12499.999999912872
UNKNOWN, 64799.49106635217
LOWRISK1, 52500.00000027806
LOWRISK2, 45000.00000017958
LOWRISK3, 52499.99999920121
LOWRISK4, 74999.99999828672