RiskCategory, Payoff
SELECTEE, 9619.791003457882
UNKNOWN, 59999.9999501811
LOWRISK1, 45942.85316225621
LOWRISK2, 44999.9998275212
LOWRISK3, 45000.00003352645
LOWRISK4, 74999.99550675772