RiskCategory, Payoff
SELECTEE, 12500.000051154173
UNKNOWN, 64799.491774757436
LOWRISK1, 52500.000027532624
LOWRISK2, 45000.00025084684
LOWRISK3, 52499.99929830564
LOWRISK4, 74999.99822511202