RiskCategory, Payoff
SELECTEE, 12499.999998496785
UNKNOWN, 64799.492256610276
LOWRISK1, 52500.000069976486
LOWRISK2, 45000.000508270525
LOWRISK3, 52499.99934947333
LOWRISK4, 74999.99836159043