RiskCategory, Payoff
SELECTEE, 12499.99998815918
UNKNOWN, 64799.49126005694
LOWRISK1, 52500.00002179922
LOWRISK2, 45000.000017043174
LOWRISK3, 52499.99991336895
LOWRISK4, 74999.99978560027