RiskCategory, Payoff
SELECTEE, 5625.000003274526
UNKNOWN, 22499.99999268567
LOWRISK1, 15000.000036965052
LOWRISK2, 14999.999962558972
LOWRISK3, 13125.000031029855
LOWRISK4, 59999.995757223194