RiskCategory, Payoff
SELECTEE, 12500.000000033766
UNKNOWN, 64799.49107028293
LOWRISK1, 52500.00000050109
LOWRISK2, 45000.0000008095
LOWRISK3, 52499.999996806895
LOWRISK4, 74999.99999069158