RiskCategory, Payoff
SELECTEE, 12500.000000239233
UNKNOWN, 64799.491105845795
LOWRISK1, 52500.00000529659
LOWRISK2, 45000.0000071665
LOWRISK3, 52499.99998136289
LOWRISK4, 74999.99995592066