RiskCategory, Payoff
SELECTEE, 5625.000001445713
UNKNOWN, 22499.999991387052
LOWRISK1, 14999.999999527956
LOWRISK2, 14999.999726799466
LOWRISK3, 11250.00009981781
LOWRISK4, 52499.999852232046