RiskCategory, Payoff
SELECTEE, 12499.99999521568
UNKNOWN, 64799.491445509666
LOWRISK1, 52500.00000106083
LOWRISK2, 45000.000038117214
LOWRISK3, 52499.999777464735
LOWRISK4, 74999.99966851344