RiskCategory, Payoff
SELECTEE, 5625.000000029931
UNKNOWN, 22499.999999524825
LOWRISK1, 14999.999999814409
LOWRISK2, 13124.999999868844
LOWRISK3, 11250.000000182596
LOWRISK4, 52499.99998840697