RiskCategory, Payoff
SELECTEE, 5625.000002672423
UNKNOWN, 59999.9999988887
LOWRISK1, 44999.99999989778
LOWRISK2, 37499.99999989261
LOWRISK3, 44999.999993512865
LOWRISK4, 67499.99999644072