RiskCategory, Payoff
SELECTEE, 12500.000000070157
UNKNOWN, 64799.49106525288
LOWRISK1, 52499.99999999449
LOWRISK2, 45000.00000009655
LOWRISK3, 52499.99999968274
LOWRISK4, 74999.99999927127