RiskCategory, Payoff
SELECTEE, 12499.999998120687
UNKNOWN, 64799.491144433596
LOWRISK1, 52500.00000618444
LOWRISK2, 45000.0000091342
LOWRISK3, 52499.99995957603
LOWRISK4, 74999.99991913505