RiskCategory, Payoff
SELECTEE, 12499.999928464427
UNKNOWN, 64799.49169156998
LOWRISK1, 52500.00009746584
LOWRISK2, 45000.00025389359
LOWRISK3, 52499.999644690804
LOWRISK4, 74999.99912364723