RiskCategory, Payoff
SELECTEE, 5625.000000053206
UNKNOWN, 52499.99999996845
LOWRISK1, 44999.99999976575
LOWRISK2, 30000.000000044485
LOWRISK3, 37499.99964400123
LOWRISK4, 67499.9999992543