RiskCategory, Payoff
SELECTEE, 12499.999536784915
UNKNOWN, 64799.491880887625
LOWRISK1, 52500.001095278065
LOWRISK2, 44999.99985588892
LOWRISK3, 52499.999278867035
LOWRISK4, 74999.99820813363