RiskCategory, Payoff
SELECTEE, 12500.000000100394
UNKNOWN, 64799.49106540808
LOWRISK1, 52499.99999984034
LOWRISK2, 45000.00000012706
LOWRISK3, 52499.999999559666
LOWRISK4, 74999.99999919775