RiskCategory, Payoff
SELECTEE, 9375.00014475775
UNKNOWN, 60000.00010703086
LOWRISK1, 46287.198367444435
LOWRISK2, 44999.9999342312
LOWRISK3, 45000.000027088354
LOWRISK4, 74999.99823646531