RiskCategory, Payoff
SELECTEE, 12500.000000103311
UNKNOWN, 64799.49106528312
LOWRISK1, 52499.99999989851
LOWRISK2, 45000.00000009818
LOWRISK3, 52499.99999966426
LOWRISK4, 74999.99999926132