RiskCategory, Payoff
SELECTEE, 5625.000000119366
UNKNOWN, 22499.999990936878
LOWRISK1, 14999.999998800731
LOWRISK2, 11250.000014260404
LOWRISK3, 11249.99999885667
LOWRISK4, 52499.99988541239