RiskCategory, Payoff
SELECTEE, 5625.000000046852
UNKNOWN, 22500.000000075695
LOWRISK1, 16874.999999796848
LOWRISK2, 14999.999999959786
LOWRISK3, 14999.999995571387
LOWRISK4, 59999.99998534685