RiskCategory, Payoff
SELECTEE, 9619.789288421563
UNKNOWN, 59999.99999973781
LOWRISK1, 45942.8507712549
LOWRISK2, 44999.999999000596
LOWRISK3, 45000.00000024357
LOWRISK4, 74999.99997294838