RiskCategory, Payoff
SELECTEE, 9999.999999993985
UNKNOWN, 59999.99999999182
LOWRISK1, 52499.99999998352
LOWRISK2, 44999.99999992461
LOWRISK3, 45000.000000662854
LOWRISK4, 74999.99999965067