RiskCategory, Payoff
SELECTEE, 12500.0000000227
UNKNOWN, 64799.49106766298
LOWRISK1, 52500.00000040608
LOWRISK2, 45000.00000184582
LOWRISK3, 52499.99999602803
LOWRISK4, 74999.99998810216