RiskCategory, Payoff
SELECTEE, 5625.0000039743245
UNKNOWN, 29999.999984830614
LOWRISK1, 16875.001332099953
LOWRISK2, 16874.999912507166
LOWRISK3, 15000.000359447222
LOWRISK4, 59999.999331377134