RiskCategory, Payoff
SELECTEE, 5625.000001141627
UNKNOWN, 59999.99999485112
LOWRISK1, 44999.99999965663
LOWRISK2, 37499.99999927872
LOWRISK3, 44999.99998280852
LOWRISK4, 67499.99999606915