RiskCategory, Payoff
SELECTEE, 7500.000000775
UNKNOWN, 59999.999999915286
LOWRISK1, 47473.02276020999
LOWRISK2, 44999.999999313644
LOWRISK3, 45000.000000095846
LOWRISK4, 74999.99997730333