RiskCategory, Payoff
SELECTEE, 5625.000000492657
UNKNOWN, 29999.999997377283
LOWRISK1, 16875.00000338284
LOWRISK2, 15000.00002997126
LOWRISK3, 15000.00001184293
LOWRISK4, 59999.999914091175