RiskCategory, Payoff
SELECTEE, 12500.000039941604
UNKNOWN, 64799.49116621263
LOWRISK1, 52500.000001326276
LOWRISK2, 45000.00006533687
LOWRISK3, 52499.99990679853
LOWRISK4, 74999.9998126615