RiskCategory, Payoff
SELECTEE, 5625.0001306454415
UNKNOWN, 52500.00001118208
LOWRISK1, 44999.99990221761
LOWRISK2, 37499.99973934159
LOWRISK3, 37500.00000221479
LOWRISK4, 67499.99923163815