RiskCategory, Payoff
SELECTEE, 12500.000004422687
UNKNOWN, 64799.49153194386
LOWRISK1, 52499.99999810024
LOWRISK2, 45000.00026078867
LOWRISK3, 52499.99949768923
LOWRISK4, 74999.99879161101