RiskCategory, Payoff
SELECTEE, 5625.0000030594365
UNKNOWN, 14999.999984362585
LOWRISK1, 9374.999988553756
LOWRISK2, 7499.999957752768
LOWRISK3, 7499.999885818374
LOWRISK4, 30000.005819580856