RiskCategory, Payoff
SELECTEE, 5625.000000006177
UNKNOWN, 29999.99999999116
LOWRISK1, 22499.999999932257
LOWRISK2, 16875.000000011663
LOWRISK3, 16874.999999956184
LOWRISK4, 59999.99999949062