RiskCategory, Payoff
SELECTEE, 5625.000064794035
UNKNOWN, 37499.999932642764
LOWRISK1, 29999.990984692282
LOWRISK2, 22499.999564293674
LOWRISK3, 22499.99825576537
LOWRISK4, 60000.003445550596