RiskCategory, Payoff
SELECTEE, 12500.000052424188
UNKNOWN, 64799.49146672225
LOWRISK1, 52500.00000028044
LOWRISK2, 45000.000193593456
LOWRISK3, 52499.99980727145
LOWRISK4, 74999.9994649933