RiskCategory, Payoff
SELECTEE, 12499.999999196936
UNKNOWN, 64799.49107211864
LOWRISK1, 52500.00000140736
LOWRISK2, 45000.00000105855
LOWRISK3, 52499.99999590107
LOWRISK4, 74999.99998886837