RiskCategory, Payoff
SELECTEE, 12500.00000026221
UNKNOWN, 64799.49106533591
LOWRISK1, 52500.00000044686
LOWRISK2, 45000.00000062848
LOWRISK3, 52499.99999944295
LOWRISK4, 74999.99999876515