RiskCategory, Payoff
SELECTEE, 12500.000000086888
UNKNOWN, 64799.49108681527
LOWRISK1, 52500.00000021368
LOWRISK2, 45000.000002833025
LOWRISK3, 52499.999988994045
LOWRISK4, 74999.9999751334