RiskCategory, Payoff
SELECTEE, 7500.000000059024
UNKNOWN, 60000.00000029404
LOWRISK1, 47473.02275768074
LOWRISK2, 44999.99999947544
LOWRISK3, 45000.00000008397
LOWRISK4, 74999.99998027772