RiskCategory, Payoff
SELECTEE, 7500.000015063896
UNKNOWN, 59999.99999935228
LOWRISK1, 47473.022785279216
LOWRISK2, 44999.99999625948
LOWRISK3, 45000.00000286243
LOWRISK4, 74999.99986717504