RiskCategory, Payoff
SELECTEE, 5625.000018933822
UNKNOWN, 52499.99997572115
LOWRISK1, 37500.000012876924
LOWRISK2, 29999.999974105012
LOWRISK3, 29999.999987030296
LOWRISK4, 67499.99970935947