RiskCategory, Payoff
SELECTEE, 5625.00005159092
UNKNOWN, 29999.999872793032
LOWRISK1, 22499.998116578758
LOWRISK2, 16874.99964296609
LOWRISK3, 15000.005071498004
LOWRISK4, 59999.99434780987