RiskCategory, Payoff
SELECTEE, 5625.000000204626
UNKNOWN, 22499.999999346677
LOWRISK1, 15000.0000007881
LOWRISK2, 14999.999995850287
LOWRISK3, 13124.999993009014
LOWRISK4, 52500.00002405169