RiskCategory, Payoff
SELECTEE, 5625.000000039169
UNKNOWN, 30000.000001104447
LOWRISK1, 22499.99999982871
LOWRISK2, 16875.000001573004
LOWRISK3, 16875.00000175324
LOWRISK4, 59999.99999873825