RiskCategory, Payoff
SELECTEE, 5625.000000748449
UNKNOWN, 29999.999981888173
LOWRISK1, 16875.000000170894
LOWRISK2, 15000.000004150736
LOWRISK3, 14999.999988458321
LOWRISK4, 59999.9998004389