RiskCategory, Payoff
SELECTEE, 12500.00000250577
UNKNOWN, 64799.49124719192
LOWRISK1, 52499.99998669611
LOWRISK2, 45000.00001703372
LOWRISK3, 52499.99992128964
LOWRISK4, 74999.99980659965