RiskCategory, Payoff
SELECTEE, 9619.792673675789
UNKNOWN, 59999.99992952019
LOWRISK1, 52499.99795789738
LOWRISK2, 44999.99974947707
LOWRISK3, 45000.00018845712
LOWRISK4, 74999.99370264124