RiskCategory, Payoff
SELECTEE, 12499.99996740432
UNKNOWN, 64799.49167767451
LOWRISK1, 52500.000059578524
LOWRISK2, 45000.000187928235
LOWRISK3, 52499.99964281082
LOWRISK4, 74999.99911918766