RiskCategory, Payoff
SELECTEE, 5625.000000070712
UNKNOWN, 7499.999999954347
LOWRISK1, 5625.000000284902
LOWRISK2, 5625.000000360723
LOWRISK3, 5625.000001482185
LOWRISK4, 22499.99996808572