RiskCategory, Payoff
SELECTEE, 12499.999949073996
UNKNOWN, 60000.000016366146
LOWRISK1, 52500.00003945669
LOWRISK2, 45000.00001544278
LOWRISK3, 52499.999561533754
LOWRISK4, 74999.99925372461