RiskCategory, Payoff, Probability, Utility
SELECTEE, -12499.999963349754, 0.3705, -4631.249986421084
UNKNOWN, -64799.491268134036, 0.2988, -19362.08799091845
LOWRISK1, -52500.000022651875, 0.1992, -10458.000004512252
LOWRISK2, -45000.00001005339, 0.0996, -4482.000001001317
LOWRISK3, -52499.999947388285, 0.0279, -1464.7499985321333
LOWRISK4, -74999.99987515982, 0.004, -299.99999950063926
,, Defender Utility:,-40698.08798088587