RiskCategory, Payoff, Probability, Utility
SELECTEE, -9619.789288421563, 0.3705, -3564.1319313601894
UNKNOWN, -59999.99999973781, 0.2988, -17927.99999992166
LOWRISK1, -45942.8507712549, 0.1992, -9151.815873633976
LOWRISK2, -44999.999999000596, 0.0996, -4481.999999900459
LOWRISK3, -45000.00000024357, 0.0279, -1255.5000000067957
LOWRISK4, -74999.99997294838, 0.004, -299.99999989179355
,, Defender Utility:,-36681.44780471487