RiskCategory, Payoff, Probability, Utility
SELECTEE, -12500.000001865223, 0.3705, -4631.250000691065
UNKNOWN, -64799.49143554674, 0.2988, -19362.088040941366
LOWRISK1, -52499.99995172071, 0.1992, -10457.999990382765
LOWRISK2, -45000.00023558127, 0.0996, -4482.000023463894
LOWRISK3, -52499.99944815365, 0.0279, -1464.7499846034868
LOWRISK4, -74999.99874075555, 0.004, -299.9999949630222
,, Defender Utility:,-40698.08803504559