RiskCategory, Payoff, Probability, Utility
SELECTEE, -12500.00009560648, 0.3705, -4631.2500354222
UNKNOWN, -64799.49140260447, 0.2988, -19362.088031098217
LOWRISK1, -52499.99989957125, 0.1992, -10457.999979994593
LOWRISK2, -45000.000126850755, 0.0996, -4482.000012634335
LOWRISK3, -52499.99976479093, 0.0279, -1464.7499934376672
LOWRISK4, -74999.99946200836, 0.004, -299.99999784803344
,, Defender Utility:,-40698.08805043505