RiskCategory, Payoff, Probability, Utility
SELECTEE, -12500.00000002955, 0.3705, -4631.250000010948
UNKNOWN, -64799.491065333044, 0.2988, -19362.087930321515
LOWRISK1, -52500.00000012016, 0.1992, -10458.000000023936
LOWRISK2, -45000.00000011654, 0.0996, -4482.000000011607
LOWRISK3, -52499.99999961186, 0.0279, -1464.7499999891709
LOWRISK4, -74999.999999178, 0.004, -299.999999996712
,, Defender Utility:,-40698.08793035389