RiskCategory, Payoff, Probability, Utility
SELECTEE, -12500.000000024094, 0.3705, -4631.250000008927
UNKNOWN, -64799.49107017875, 0.2988, -19362.087931769413
LOWRISK1, -52500.00000031595, 0.1992, -10458.000000062937
LOWRISK2, -45000.00000087535, 0.0996, -4482.000000087184
LOWRISK3, -52499.99999717718, 0.0279, -1464.7499999212434
LOWRISK4, -74999.99999455559, 0.004, -299.9999999782224
,, Defender Utility:,-40698.087931827926