RiskCategory, Payoff, Probability, Utility
SELECTEE, -12500.000000239233, 0.3705, -4631.250000088636
UNKNOWN, -64799.491105845795, 0.2988, -19362.087942426722
LOWRISK1, -52500.00000529659, 0.1992, -10458.000001055081
LOWRISK2, -45000.0000071665, 0.0996, -4482.000000713783
LOWRISK3, -52499.99998136289, 0.0279, -1464.7499994800246
LOWRISK4, -74999.99995592066, 0.004, -299.99999982368263
,, Defender Utility:,-40698.08794358793