RiskCategory, Payoff, Probability, Utility
SELECTEE, -12500.000000086888, 0.3705, -4631.250000032192
UNKNOWN, -64799.49108681527, 0.2988, -19362.087936740405
LOWRISK1, -52500.00000021368, 0.1992, -10458.000000042564
LOWRISK2, -45000.000002833025, 0.0996, -4482.000000282169
LOWRISK3, -52499.999988994045, 0.0279, -1464.749999692934
LOWRISK4, -74999.9999751334, 0.004, -299.99999990053357
,, Defender Utility:,-40698.0879366908