RiskCategory, Payoff, Probability, Utility
SELECTEE, -9619.789283312703, 0.3705, -3564.1319294673563
UNKNOWN, -59999.99999987013, 0.2988, -17927.999999961197
LOWRISK1, -45942.85077261299, 0.1992, -9151.815873904507
LOWRISK2, -44999.99999967078, 0.0996, -4481.999999967209
LOWRISK3, -45000.00000006812, 0.0279, -1255.5000000019006
LOWRISK4, -74999.99999189457, 0.004, -299.9999999675783
,, Defender Utility:,-36681.447803269744