RiskCategory, Payoff, Probability, Utility
SELECTEE, -9619.789281631223, 0.3705, -3564.1319288443683
UNKNOWN, -59999.999999950676, 0.2988, -17927.999999985263
LOWRISK1, -45942.85077166325, 0.1992, -9151.815873715319
LOWRISK2, -44999.999999904445, 0.0996, -4481.999999990482
LOWRISK3, -45000.00000001591, 0.0279, -1255.500000000444
LOWRISK4, -74999.99999747766, 0.004, -299.99999998991063
,, Defender Utility:,-36681.447802525785