RiskCategory, Payoff, Probability, Utility
SELECTEE, -5625.0000039743245, 0.3705, -2084.0625014724874
UNKNOWN, -29999.999984830614, 0.2988, -8963.999995467388
LOWRISK1, -16875.001332099953, 0.1992, -3361.5002653543106
LOWRISK2, -16874.999912507166, 0.0996, -1680.7499912857136
LOWRISK3, -15000.000359447222, 0.0279, -418.5000100285775
LOWRISK4, -59999.999331377134, 0.004, -239.99999732550853
,, Defender Utility:,-16748.812760933983