RiskCategory, Payoff, Probability, Utility
SELECTEE, -12500.000000250076, 0.3705, -4631.250000092653
UNKNOWN, -64799.491070125274, 0.2988, -19362.08793175343
LOWRISK1, -52499.99999969673, 0.1992, -10457.999999939588
LOWRISK2, -45000.00000108899, 0.0996, -4482.000000108464
LOWRISK3, -52499.99999711137, 0.0279, -1464.7499999194074
LOWRISK4, -74999.99999431164, 0.004, -299.99999997724655
,, Defender Utility:,-40698.08793179079