RiskCategory, Payoff, Probability, Utility
SELECTEE, -5625.000008857097, 0.3705, -2084.062503281554
UNKNOWN, -45000.00000074803, 0.2988, -13446.00000022351
LOWRISK1, -37499.999942668626, 0.1992, -7469.99998857959
LOWRISK2, -29999.999881364347, 0.0996, -2987.999988183889
LOWRISK3, -29999.99986170721, 0.0279, -836.9999961416312
LOWRISK4, -67499.99958448076, 0.004, -269.99999833792305
,, Defender Utility:,-27095.062474748098