RiskCategory, Payoff, Probability, Utility
SELECTEE, -5625.000000204626, 0.3705, -2084.062500075814
UNKNOWN, -22499.999999346677, 0.2988, -6722.999999804787
LOWRISK1, -15000.0000007881, 0.1992, -2988.0000001569897
LOWRISK2, -14999.999995850287, 0.0996, -1493.9999995866885
LOWRISK3, -13124.999993009014, 0.0279, -366.1874998049515
LOWRISK4, -52500.00002405169, 0.004, -210.00000009620675
,, Defender Utility:,-13865.249999525438