RiskCategory, Payoff, Probability, Utility
SELECTEE, -7500.000000629236, 0.3705, -2778.7500002331317
UNKNOWN, -59999.99999217744, 0.2988, -17927.99999766262
LOWRISK1, -47473.02277615975, 0.1992, -9456.62613701102
LOWRISK2, -44999.99999234104, 0.0996, -4481.999999237168
LOWRISK3, -45000.00001181718, 0.0279, -1255.5000003296993
LOWRISK4, -74999.99959761, 0.004, -299.99999839044
,, Defender Utility:,-36200.87613286408