RiskCategory, Payoff, Probability, Utility
SELECTEE, -5625.000000748449, 0.3705, -2084.0625002773004
UNKNOWN, -29999.999981888173, 0.2988, -8963.999994588186
LOWRISK1, -16875.000000170894, 0.1992, -3361.500000034042
LOWRISK2, -15000.000004150736, 0.0996, -1494.000000413413
LOWRISK3, -14999.999988458321, 0.0279, -418.4999996779872
LOWRISK4, -59999.9998004389, 0.004, -239.9999992017556
,, Defender Utility:,-16562.062494192687