RiskCategory, Payoff, Probability, Utility
SELECTEE, -9619.78928128375, 0.3705, -3564.13192871563
UNKNOWN, -59999.99999990854, 0.2988, -17927.99999997267
LOWRISK1, -45942.850771747086, 0.1992, -9151.81587373202
LOWRISK2, -44999.999999932064, 0.0996, -4481.999999993233
LOWRISK3, -45000.00000005223, 0.0279, -1255.5000000014572
LOWRISK4, -74999.99999858781, 0.004, -299.99999999435124
,, Defender Utility:,-36681.44780240936