RiskCategory, Payoff, Probability, Utility
SELECTEE, -5625.000000429459, 0.3705, -2084.0625001591143
UNKNOWN, -16874.999998442472, 0.2988, -5042.249999534611
LOWRISK1, -13124.999999717202, 0.1992, -2614.4999999436664
LOWRISK2, -11249.999939907557, 0.0996, -1120.4999940147925
LOWRISK3, -9375.000026821042, 0.0279, -261.5625007483071
LOWRISK4, -44999.99984415629, 0.004, -179.99999937662517
,, Defender Utility:,-11302.874993777115