RiskCategory, Payoff, Probability, Utility
SELECTEE, -12499.999974162707, 0.3705, -4631.249990427283
UNKNOWN, -64799.49146450971, 0.2988, -19362.088049595503
LOWRISK1, -52499.99999197413, 0.1992, -10457.999998401247
LOWRISK2, -45000.00010110276, 0.0996, -4482.000010069835
LOWRISK3, -52499.99979254163, 0.0279, -1464.7499942119116
LOWRISK4, -74999.99965786518, 0.004, -299.9999986314607
,, Defender Utility:,-40698.088041337236