RiskCategory, Payoff, Probability, Utility
SELECTEE, -5625.0000000285145, 0.3705, -2084.0625000105647
UNKNOWN, -37499.99999954272, 0.2988, -11204.999999863365
LOWRISK1, -22499.999999937376, 0.1992, -4481.999999987525
LOWRISK2, -22499.999982430647, 0.0996, -2240.999998250092
LOWRISK3, -16875.000001580214, 0.0279, -470.812500044088
LOWRISK4, -59999.99999995391, 0.004, -239.99999999981563
,, Defender Utility:,-20722.87499815545