RiskCategory, Payoff, Probability, Utility
SELECTEE, -7500.000005656904, 0.3705, -2778.750002095883
UNKNOWN, -60000.000000329535, 0.2988, -17928.000000098466
LOWRISK1, -47473.02275623964, 0.1992, -9456.626133042935
LOWRISK2, -44999.99999925796, 0.0996, -4481.999999926093
LOWRISK3, -45000.00000012761, 0.0279, -1255.5000000035604
LOWRISK4, -74999.99998037986, 0.004, -299.9999999215194
,, Defender Utility:,-36200.87613508845