RiskCategory, Payoff, Probability, Utility
SELECTEE, -5625.000001529405, 0.3705, -2084.0625005666448
UNKNOWN, -29999.999993639292, 0.2988, -8963.999998099422
LOWRISK1, -16875.000021772565, 0.1992, -3361.5000043370947
LOWRISK2, -16874.999867682684, 0.0996, -1680.749986821195
LOWRISK3, -15000.000066245575, 0.0279, -418.50000184825154
LOWRISK4, -59999.99976160581, 0.004, -239.99999904642326
,, Defender Utility:,-16748.812490719032