RiskCategory, Payoff, Probability, Utility
SELECTEE, -12499.999997550072, 0.3705, -4631.249999092302
UNKNOWN, -64799.49114932189, 0.2988, -19362.08795541738
LOWRISK1, -52500.000013858065, 0.1992, -10458.000002760526
LOWRISK2, -45000.00000982447, 0.0996, -4482.000000978517
LOWRISK3, -52499.99995681909, 0.0279, -1464.7499987952526
LOWRISK4, -74999.99991524903, 0.004, -299.99999966099614
,, Defender Utility:,-40698.08795670498