RiskCategory, Payoff, Probability, Utility
SELECTEE, -5625.000000029931, 0.3705, -2084.0625000110895
UNKNOWN, -22499.999999524825, 0.2988, -6722.999999858018
LOWRISK1, -14999.999999814409, 0.1992, -2987.99999996303
LOWRISK2, -13124.999999868844, 0.0996, -1307.2499999869367
LOWRISK3, -11250.000000182596, 0.0279, -313.8750000050944
LOWRISK4, -52499.99998840697, 0.004, -209.99999995362788
,, Defender Utility:,-13626.187499777796