RiskCategory, Payoff, Probability, Utility
SELECTEE, -12500.000000103311, 0.3705, -4631.250000038277
UNKNOWN, -64799.49106528312, 0.2988, -19362.087930306596
LOWRISK1, -52499.99999989851, 0.1992, -10457.999999979782
LOWRISK2, -45000.00000009818, 0.0996, -4482.000000009779
LOWRISK3, -52499.99999966426, 0.0279, -1464.749999990633
LOWRISK4, -74999.99999926132, 0.004, -299.9999999970453
,, Defender Utility:,-40698.087930322115