RiskCategory, Payoff, Probability, Utility
SELECTEE, -12500.000051154173, 0.3705, -4631.250018952621
UNKNOWN, -64799.491774757436, 0.2988, -19362.08814229752
LOWRISK1, -52500.000027532624, 0.1992, -10458.000005484499
LOWRISK2, -45000.00025084684, 0.0996, -4482.000024984345
LOWRISK3, -52499.99929830564, 0.0279, -1464.7499804227275
LOWRISK4, -74999.99822511202, 0.004, -299.9999929004481
,, Defender Utility:,-40698.08816504216