RiskCategory, Payoff, Probability, Utility
SELECTEE, -12500.000000311142, 0.3705, -4631.2500001152775
UNKNOWN, -64799.49106978343, 0.2988, -19362.087931651287
LOWRISK1, -52499.99999980572, 0.1992, -10457.9999999613
LOWRISK2, -45000.00000064751, 0.0996, -4482.000000064491
LOWRISK3, -52499.9999974748, 0.0279, -1464.749999929547
LOWRISK4, -74999.99999441748, 0.004, -299.9999999776699
,, Defender Utility:,-40698.08793169957