RiskCategory, Payoff, Probability, Utility
SELECTEE, -12500.000034412204, 0.3705, -4631.2500127497215
UNKNOWN, -64799.49295329387, 0.2988, -19362.088494444208
LOWRISK1, -52500.000073302734, 0.1992, -10458.000014601905
LOWRISK2, -45000.0003809514, 0.0996, -4482.000037942759
LOWRISK3, -52499.99913598287, 0.0279, -1464.749975893922
LOWRISK4, -74999.99869844136, 0.004, -299.99999479376544
,, Defender Utility:,-40698.088530426285