RiskCategory, Payoff, Probability, Utility
SELECTEE, -5625.000000589086, 0.3705, -2084.0625002182564
UNKNOWN, -30000.000001695575, 0.2988, -8964.000000506638
LOWRISK1, -22499.999997038823, 0.1992, -4481.999999410134
LOWRISK2, -16875.00001090994, 0.0996, -1680.7500010866297
LOWRISK3, -16875.00001376442, 0.0279, -470.8125003840273
LOWRISK4, -59999.999975508115, 0.004, -239.99999990203247
,, Defender Utility:,-17921.625001507717