RiskCategory, Payoff, Probability, Utility
SELECTEE, -9619.789332869943, 0.3705, -3564.131947828314
UNKNOWN, -59999.999998356645, 0.2988, -17927.999999508967
LOWRISK1, -45942.85076225911, 0.1992, -9151.815871842015
LOWRISK2, -44999.99999368137, 0.0996, -4481.999999370664
LOWRISK3, -45000.00000131383, 0.0279, -1255.5000000366558
LOWRISK4, -74999.99983991846, 0.004, -299.99999935967384
,, Defender Utility:,-36681.44781794629