RiskCategory, Payoff, Probability, Utility
SELECTEE, -5625.000000235818, 0.3705, -2084.0625000873706
UNKNOWN, -29999.99999965897, 0.2988, -8963.9999998981
LOWRISK1, -22499.999996763603, 0.1992, -4481.999999355309
LOWRISK2, -16874.999999714742, 0.0996, -1680.7499999715883
LOWRISK3, -16874.999963019854, 0.0279, -470.812498968254
LOWRISK4, -59999.99998636496, 0.004, -239.99999994545985
,, Defender Utility:,-17921.62499822608