RiskCategory, Payoff, Probability, Utility
SELECTEE, -9619.789283431846, 0.3705, -3564.131929511499
UNKNOWN, -59999.99999984666, 0.2988, -17927.999999954183
LOWRISK1, -45942.85077261331, 0.1992, -9151.81587390457
LOWRISK2, -44999.99999966961, 0.0996, -4481.999999967094
LOWRISK3, -45000.00000006838, 0.0279, -1255.500000001908
LOWRISK4, -74999.99999154835, 0.004, -299.9999999661934
,, Defender Utility:,-36681.44780330545