RiskCategory, Payoff, Probability, Utility
SELECTEE, -9999.999999660291, 0.3705, -3704.9999998741378
UNKNOWN, -59999.999999624735, 0.2988, -17927.99999988787
LOWRISK1, -52499.999996557926, 0.1992, -10457.999999314337
LOWRISK2, -44999.999998491076, 0.0996, -4481.999999849711
LOWRISK3, -45000.000054052056, 0.0279, -1255.5000015080525
LOWRISK4, -74999.99995695469, 0.004, -299.9999998278188
,, Defender Utility:,-38128.50000026193