RiskCategory, Payoff, Probability, Utility
SELECTEE, -7500.000000059024, 0.3705, -2778.7500000218683
UNKNOWN, -60000.00000029404, 0.2988, -17928.00000008786
LOWRISK1, -47473.02275768074, 0.1992, -9456.626133330003
LOWRISK2, -44999.99999947544, 0.0996, -4481.999999947753
LOWRISK3, -45000.00000008397, 0.0279, -1255.5000000023429
LOWRISK4, -74999.99998027772, 0.004, -299.9999999211109
,, Defender Utility:,-36200.87613331094