RiskCategory, Payoff, Probability, Utility
SELECTEE, -12500.000000861624, 0.3705, -4631.250000319232
UNKNOWN, -64799.49111084119, 0.2988, -19362.08794391935
LOWRISK1, -52499.999999853506, 0.1992, -10457.999999970818
LOWRISK2, -45000.00000567486, 0.0996, -4482.0000005652155
LOWRISK3, -52499.99997890588, 0.0279, -1464.7499994114742
LOWRISK4, -74999.99995483289, 0.004, -299.99999981933155
,, Defender Utility:,-40698.08794400543