RiskCategory, Payoff, Probability, Utility
SELECTEE, -12499.999999970243, 0.3705, -4631.249999988975
UNKNOWN, -64799.491066144205, 0.2988, -19362.08793056389
LOWRISK1, -52500.00000013618, 0.1992, -10458.000000027127
LOWRISK2, -45000.00000026844, 0.0996, -4482.000000026736
LOWRISK3, -52499.9999990863, 0.0279, -1464.7499999745078
LOWRISK4, -74999.99999732252, 0.004, -299.9999999892901
,, Defender Utility:,-40698.087930570524