RiskCategory, Payoff, Probability, Utility
SELECTEE, -12499.999999824015, 0.3705, -4631.249999934797
UNKNOWN, -64799.49106757655, 0.2988, -19362.087930991875
LOWRISK1, -52499.99999999491, 0.1992, -10457.999999998985
LOWRISK2, -45000.000000300344, 0.0996, -4482.000000029914
LOWRISK3, -52499.99999862585, 0.0279, -1464.7499999616612
LOWRISK4, -74999.9999972244, 0.004, -299.99999998889757
,, Defender Utility:,-40698.08793090613