RiskCategory, Payoff, Probability, Utility
SELECTEE, -12499.999996634155, 0.3705, -4631.2499987529545
UNKNOWN, -64799.49112171759, 0.2988, -19362.087947169217
LOWRISK1, -52500.00002132852, 0.1992, -10458.000004248639
LOWRISK2, -45000.00000635941, 0.0996, -4482.000000633398
LOWRISK3, -52499.99996915715, 0.0279, -1464.7499991394845
LOWRISK4, -74999.99994041762, 0.004, -299.9999997616705
,, Defender Utility:,-40698.08794970537