RiskCategory, Payoff, Probability, Utility
SELECTEE, -9619.791003457882, 0.3705, -3564.132566781145
UNKNOWN, -59999.9999501811, 0.2988, -17927.999985114115
LOWRISK1, -45942.85316225621, 0.1992, -9151.816349921435
LOWRISK2, -44999.9998275212, 0.0996, -4481.999982821111
LOWRISK3, -45000.00003352645, 0.0279, -1255.500000935388
LOWRISK4, -74999.99550675772, 0.004, -299.9999820270309
,, Defender Utility:,-36681.44886760023