RiskCategory, Payoff, Probability, Utility
SELECTEE, -12500.000000100394, 0.3705, -4631.250000037196
UNKNOWN, -64799.49106540808, 0.2988, -19362.087930343936
LOWRISK1, -52499.99999984034, 0.1992, -10457.999999968195
LOWRISK2, -45000.00000012706, 0.0996, -4482.000000012655
LOWRISK3, -52499.999999559666, 0.0279, -1464.7499999877148
LOWRISK4, -74999.99999919775, 0.004, -299.999999996791
,, Defender Utility:,-40698.08793034649