RiskCategory, Payoff, Probability, Utility
SELECTEE, -12500.000000013451, 0.3705, -4631.250000004984
UNKNOWN, -64799.49106989303, 0.2988, -19362.08793168404
LOWRISK1, -52500.00000038551, 0.1992, -10458.000000076792
LOWRISK2, -45000.00000075136, 0.0996, -4482.000000074835
LOWRISK3, -52499.99999699177, 0.0279, -1464.7499999160705
LOWRISK4, -74999.99999418596, 0.004, -299.9999999767438
,, Defender Utility:,-40698.08793173347