RiskCategory, Payoff, Probability, Utility
SELECTEE, -12500.0000205856, 0.3705, -4631.250007626964
UNKNOWN, -64799.491287239194, 0.2988, -19362.087996627073
LOWRISK1, -52500.000094749725, 0.1992, -10458.000018874145
LOWRISK2, -45000.00006762606, 0.0996, -4482.000006735555
LOWRISK3, -52499.99984209053, 0.0279, -1464.7499955943258
LOWRISK4, -74999.99963107015, 0.004, -299.9999985242806
,, Defender Utility:,-40698.08802398235