RiskCategory, Payoff, Probability, Utility
SELECTEE, -9619.792673675789, 0.3705, -3564.1331855968797
UNKNOWN, -59999.99992952019, 0.2988, -17927.999978940636
LOWRISK1, -52499.99795789738, 0.1992, -10457.999593213157
LOWRISK2, -44999.99974947707, 0.0996, -4481.999975047916
LOWRISK3, -45000.00018845712, 0.0279, -1255.5000052579537
LOWRISK4, -74999.99370264124, 0.004, -299.99997481056494
,, Defender Utility:,-37987.632712867104