RiskCategory, Payoff, Probability, Utility
SELECTEE, -9375.000169369494, 0.3705, -3473.4375627513973
UNKNOWN, -60000.00001774904, 0.2988, -17928.000005303413
LOWRISK1, -46287.19838644909, 0.1992, -9220.409918580659
LOWRISK2, -44999.99993891023, 0.0996, -4481.999993915459
LOWRISK3, -45000.000028737595, 0.0279, -1255.500000801779
LOWRISK4, -74999.99817542834, 0.004, -299.9999927017133
,, Defender Utility:,-36659.347474054426