RiskCategory, Payoff, Probability, Utility
SELECTEE, -5625.000000039169, 0.3705, -2084.0625000145124
UNKNOWN, -30000.000001104447, 0.2988, -8964.000000330008
LOWRISK1, -22499.99999982871, 0.1992, -4481.9999999658785
LOWRISK2, -16875.000001573004, 0.0996, -1680.7500001566711
LOWRISK3, -16875.00000175324, 0.0279, -470.8125000489154
LOWRISK4, -59999.99999873825, 0.004, -239.999999994953
,, Defender Utility:,-17921.62500051094