RiskCategory, Payoff, Probability, Utility
SELECTEE, -12500.0000000227, 0.3705, -4631.25000000841
UNKNOWN, -64799.49106766298, 0.2988, -19362.0879310177
LOWRISK1, -52500.00000040608, 0.1992, -10458.00000008089
LOWRISK2, -45000.00000184582, 0.0996, -4482.000000183843
LOWRISK3, -52499.99999602803, 0.0279, -1464.7499998891822
LOWRISK4, -74999.99998810216, 0.004, -299.99999995240864
,, Defender Utility:,-40698.08793113243