RiskCategory, Payoff, Probability, Utility
SELECTEE, -5625.00005159092, 0.3705, -2084.062519114436
UNKNOWN, -29999.999872793032, 0.2988, -8963.999961990557
LOWRISK1, -22499.998116578758, 0.1992, -4481.999624822488
LOWRISK2, -16874.99964296609, 0.0996, -1680.7499644394225
LOWRISK3, -15000.005071498004, 0.0279, -418.5001414947943
LOWRISK4, -59999.99434780987, 0.004, -239.9999773912395
,, Defender Utility:,-17869.312189252938