RiskCategory, Payoff, Probability, Utility
SELECTEE, -5625.000000112106, 0.3705, -2084.0625000415353
UNKNOWN, -44999.99999898558, 0.2988, -13445.99999969689
LOWRISK1, -29999.99999945842, 0.1992, -5975.999999892118
LOWRISK2, -22499.99999948196, 0.0996, -2240.999999948403
LOWRISK3, -22499.999998658866, 0.0279, -627.7499999625824
LOWRISK4, -67499.99997237702, 0.004, -269.99999988950805
,, Defender Utility:,-24644.812499431035