RiskCategory, Payoff, Probability, Utility
SELECTEE, -12500.00000001682, 0.3705, -4631.250000006232
UNKNOWN, -64799.49106490488, 0.2988, -19362.08793019358
LOWRISK1, -52499.99999994786, 0.1992, -10457.999999989614
LOWRISK2, -45000.00000007693, 0.0996, -4482.000000007662
LOWRISK3, -52499.99999987634, 0.0279, -1464.7499999965498
LOWRISK4, -74999.99999970582, 0.004, -299.9999999988233
,, Defender Utility:,-40698.08793019246