RiskCategory, Payoff, Probability, Utility
SELECTEE, -12499.999999912208, 0.3705, -4631.249999967473
UNKNOWN, -64799.491066952556, 0.2988, -19362.087930805425
LOWRISK1, -52500.000000622866, 0.1992, -10458.000000124075
LOWRISK2, -45000.00000022505, 0.0996, -4482.000000022415
LOWRISK3, -52499.9999987792, 0.0279, -1464.7499999659399
LOWRISK4, -74999.99999754058, 0.004, -299.99999999016234
,, Defender Utility:,-40698.087930875496