RiskCategory, Payoff, Probability, Utility
SELECTEE, -9619.789721441733, 0.3705, -3564.132091794162
UNKNOWN, -59999.99998780594, 0.2988, -17927.999996356415
LOWRISK1, -45942.85136897628, 0.1992, -9151.815992700074
LOWRISK2, -44999.999956329666, 0.0996, -4481.999995650434
LOWRISK3, -45000.00000915173, 0.0279, -1255.5000002553334
LOWRISK4, -74999.99885252943, 0.004, -299.9999954101177
,, Defender Utility:,-36681.44807216654