RiskCategory, Payoff, Probability, Utility
SELECTEE, -12500.00000154216, 0.3705, -4631.25000057137
UNKNOWN, -64799.492451861785, 0.2988, -19362.088344616302
LOWRISK1, -52499.999955533815, 0.1992, -10457.999991142335
LOWRISK2, -45000.00017822015, 0.0996, -4482.000017750726
LOWRISK3, -52499.99939731735, 0.0279, -1464.749983185154
LOWRISK4, -74999.99850436451, 0.004, -299.99999401745805
,, Defender Utility:,-40698.08833128335