RiskCategory, Payoff, Probability, Utility
SELECTEE, -12499.999999306656, 0.3705, -4631.249999743116
UNKNOWN, -64799.49108048346, 0.2988, -19362.08793484846
LOWRISK1, -52500.00000451237, 0.1992, -10458.000000898863
LOWRISK2, -45000.00000913431, 0.0996, -4482.000000909777
LOWRISK3, -52499.99997192164, 0.0279, -1464.749999216614
LOWRISK4, -74999.9999176648, 0.004, -299.9999996706592
,, Defender Utility:,-40698.08793528749