RiskCategory, Payoff, Probability, Utility
SELECTEE, -7500.00000814015, 0.3705, -2778.750003015926
UNKNOWN, -60000.000000060696, 0.2988, -17928.000000018135
LOWRISK1, -47473.02289107676, 0.1992, -9456.626159902491
LOWRISK2, -44999.99998616222, 0.0996, -4481.999998621757
LOWRISK3, -45000.00000370474, 0.0279, -1255.5000001033625
LOWRISK4, -74999.99942428767, 0.004, -299.9999976971507
,, Defender Utility:,-36200.87615935882