RiskCategory, Payoff, Probability, Utility
SELECTEE, -5625.000010592185, 0.3705, -2084.0625039244046
UNKNOWN, -45000.00002561081, 0.2988, -13446.00000765251
LOWRISK1, -37499.9999823438, 0.1992, -7469.999996482884
LOWRISK2, -29999.99995089763, 0.0996, -2987.9999951094037
LOWRISK3, -29999.99993347995, 0.0279, -836.9999981440907
LOWRISK4, -67499.99967780426, 0.004, -269.999998711217
,, Defender Utility:,-27095.06250002451