RiskCategory, Payoff, Probability, Utility
SELECTEE, -5625.000000053206, 0.3705, -2084.062500019713
UNKNOWN, -52499.99999996845, 0.2988, -15686.999999990574
LOWRISK1, -44999.99999976575, 0.1992, -8963.999999953337
LOWRISK2, -30000.000000044485, 0.0996, -2988.0000000044306
LOWRISK3, -37499.99964400123, 0.0279, -1046.2499900676344
LOWRISK4, -67499.9999992543, 0.004, -269.9999999970172
,, Defender Utility:,-31039.31249003271