RiskCategory, Payoff, Probability, Utility
SELECTEE, -12499.998336375887, 0.3705, -4631.249383627266
UNKNOWN, -64799.493353629485, 0.2988, -19362.08861406449
LOWRISK1, -52500.00220356826, 0.1992, -10458.000438950798
LOWRISK2, -45000.00023956131, 0.0996, -4482.000023860306
LOWRISK3, -52499.999870526466, 0.0279, -1464.7499963876885
LOWRISK4, -74999.99963858495, 0.004, -299.9999985543398
,, Defender Utility:,-40698.088455444886