RiskCategory, Payoff, Probability, Utility
SELECTEE, -12499.999949073996, 0.3705, -4631.249981131915
UNKNOWN, -60000.000016366146, 0.2988, -17928.000004890204
LOWRISK1, -52500.00003945669, 0.1992, -10458.000007859771
LOWRISK2, -45000.00001544278, 0.0996, -4482.000001538101
LOWRISK3, -52499.999561533754, 0.0279, -1464.7499877667917
LOWRISK4, -74999.99925372461, 0.004, -299.99999701489844
,, Defender Utility:,-39263.99998020168