RiskCategory, Payoff, Probability, Utility
SELECTEE, -9375.00014475775, 0.3705, -3473.4375536327466
UNKNOWN, -60000.00010703086, 0.2988, -17928.00003198082
LOWRISK1, -46287.198367444435, 0.1992, -9220.409914794931
LOWRISK2, -44999.9999342312, 0.0996, -4481.999993449427
LOWRISK3, -45000.000027088354, 0.0279, -1255.500000755765
LOWRISK4, -74999.99823646531, 0.004, -299.99999294586127
,, Defender Utility:,-36659.34748755956