RiskCategory, Payoff, Probability, Utility
SELECTEE, -12500.000000070157, 0.3705, -4631.250000025993
UNKNOWN, -64799.49106525288, 0.2988, -19362.08793029756
LOWRISK1, -52499.99999999449, 0.1992, -10457.999999998901
LOWRISK2, -45000.00000009655, 0.0996, -4482.000000009616
LOWRISK3, -52499.99999968274, 0.0279, -1464.7499999911486
LOWRISK4, -74999.99999927127, 0.004, -299.99999999708507
,, Defender Utility:,-40698.0879303203