RiskCategory, Payoff, Probability, Utility
SELECTEE, -9619.789315421132, 0.3705, -3564.1319413635297
UNKNOWN, -59999.999998843195, 0.2988, -17927.99999965435
LOWRISK1, -45942.85079222224, 0.1992, -9151.81587781067
LOWRISK2, -44999.99999616843, 0.0996, -4481.999999618375
LOWRISK3, -45000.00000149654, 0.0279, -1255.5000000417535
LOWRISK4, -74999.99989396607, 0.004, -299.9999995758643
,, Defender Utility:,-36681.44781806454