RiskCategory, Payoff, Probability, Utility
SELECTEE, -12500.000039941604, 0.3705, -4631.250014798365
UNKNOWN, -64799.49116621263, 0.2988, -19362.087960464334
LOWRISK1, -52500.000001326276, 0.1992, -10458.000000264194
LOWRISK2, -45000.00006533687, 0.0996, -4482.000006507552
LOWRISK3, -52499.99990679853, 0.0279, -1464.7499973996792
LOWRISK4, -74999.9998126615, 0.004, -299.999999250646
,, Defender Utility:,-40698.08797868478