RiskCategory, Payoff, Probability, Utility
SELECTEE, -12499.999998899251, 0.3705, -4631.249999592173
UNKNOWN, -64799.49108237688, 0.2988, -19362.087935414213
LOWRISK1, -52500.00000450495, 0.1992, -10458.000000897386
LOWRISK2, -45000.0000032374, 0.0996, -4482.000000322445
LOWRISK3, -52499.99999021692, 0.0279, -1464.7499997270522
LOWRISK4, -74999.99997988928, 0.004, -299.9999999195571
,, Defender Utility:,-40698.08793587283