RiskCategory, Payoff, Probability, Utility
SELECTEE, -5625.000000164995, 0.3705, -2084.062500061131
UNKNOWN, -29999.99999902227, 0.2988, -8963.999999707856
LOWRISK1, -16875.000000185246, 0.1992, -3361.500000036901
LOWRISK2, -15000.000001062483, 0.0996, -1494.0000001058231
LOWRISK3, -14999.999999933132, 0.0279, -418.4999999981344
LOWRISK4, -59999.999978459324, 0.004, -239.9999999138373
,, Defender Utility:,-16562.06249982368