RiskCategory, Payoff, Probability, Utility
SELECTEE, -12499.999998843288, 0.3705, -4631.249999571438
UNKNOWN, -64799.49136209118, 0.2988, -19362.088018992847
LOWRISK1, -52500.000047583446, 0.1992, -10458.000009478621
LOWRISK2, -45000.000111746805, 0.0996, -4482.000011129981
LOWRISK3, -52499.999732978584, 0.0279, -1464.7499925501027
LOWRISK4, -74999.99958823019, 0.004, -299.9999983529208
,, Defender Utility:,-40698.08803007591