RiskCategory, Payoff, Probability, Utility
SELECTEE, -7500.000000775, 0.3705, -2778.7500002871375
UNKNOWN, -59999.999999915286, 0.2988, -17927.999999974687
LOWRISK1, -47473.02276020999, 0.1992, -9456.62613383383
LOWRISK2, -44999.999999313644, 0.0996, -4481.999999931639
LOWRISK3, -45000.000000095846, 0.0279, -1255.5000000026741
LOWRISK4, -74999.99997730333, 0.004, -299.99999990921333
,, Defender Utility:,-36200.87613393918