RiskCategory, Payoff, Probability, Utility
SELECTEE, -12499.99996740432, 0.3705, -4631.2499879233
UNKNOWN, -64799.49167767451, 0.2988, -19362.088113289145
LOWRISK1, -52500.000059578524, 0.1992, -10458.000011868042
LOWRISK2, -45000.000187928235, 0.0996, -4482.000018717652
LOWRISK3, -52499.99964281082, 0.0279, -1464.749990034422
LOWRISK4, -74999.99911918766, 0.004, -299.99999647675065
,, Defender Utility:,-40698.08811830931