RiskCategory, Payoff, Probability, Utility
SELECTEE, -12499.999988085961, 0.3705, -4631.249995585848
UNKNOWN, -64799.49145184336, 0.2988, -19362.088045810797
LOWRISK1, -52499.999987949035, 0.1992, -10457.999997599447
LOWRISK2, -45000.00007921524, 0.0996, -4482.000007889837
LOWRISK3, -52499.99978750058, 0.0279, -1464.7499940712662
LOWRISK4, -74999.99966192953, 0.004, -299.9999986477181
,, Defender Utility:,-40698.08803960492