RiskCategory, Payoff, Probability, Utility
SELECTEE, -12499.999994710635, 0.3705, -4631.24999804029
UNKNOWN, -64799.491057307416, 0.2988, -19362.087927923458
LOWRISK1, -52499.999976300605, 0.1992, -10457.99999527908
LOWRISK2, -45000.0000323646, 0.0996, -4482.000003223514
LOWRISK3, -52499.999913384316, 0.0279, -1464.7499975834226
LOWRISK4, -74999.99979425962, 0.004, -299.9999991770385
,, Defender Utility:,-40698.0879212268