RiskCategory, Payoff, Probability, Utility
SELECTEE, -12500.000000805676, 0.3705, -4631.2500002985025
UNKNOWN, -64799.49106923186, 0.2988, -19362.08793148648
LOWRISK1, -52499.999996943065, 0.1992, -10457.999999391059
LOWRISK2, -45000.000001130466, 0.0996, -4482.0000001125945
LOWRISK3, -52499.99999636119, 0.0279, -1464.7499998984772
LOWRISK4, -74999.99998995863, 0.004, -299.9999999598345
,, Defender Utility:,-40698.087931146954