RiskCategory, Payoff, Probability, Utility
SELECTEE, -5625.000025357784, 0.3705, -2084.062509395059
UNKNOWN, -29999.999980438864, 0.2988, -8963.999994155132
LOWRISK1, -22499.999796996522, 0.1992, -4481.999959561707
LOWRISK2, -16875.00010551352, 0.0996, -1680.7500105091467
LOWRISK3, -16874.999860120337, 0.0279, -470.81249609735744
LOWRISK4, -59999.99831391235, 0.004, -239.9999932556494
,, Defender Utility:,-17921.624962974052