RiskCategory, Payoff, Probability, Utility
SELECTEE, -7500.000001229014, 0.3705, -2778.7500004553494
UNKNOWN, -59999.99999920206, 0.2988, -17927.999999761578
LOWRISK1, -46314.368437916375, 0.1992, -9225.822192832942
LOWRISK2, -44999.99999851463, 0.0996, -4481.999999852057
LOWRISK3, -45000.00000186036, 0.0279, -1255.5000000519042
LOWRISK4, -74999.9999139294, 0.004, -299.9999996557176
,, Defender Utility:,-35970.07219260955