RiskCategory, Payoff, Probability, Utility
SELECTEE, -12499.999996255816, 0.3705, -4631.24999861278
UNKNOWN, -64799.49115655913, 0.2988, -19362.087957579868
LOWRISK1, -52500.000014789664, 0.1992, -10458.0000029461
LOWRISK2, -45000.00001493013, 0.0996, -4482.00000148704
LOWRISK3, -52499.99995204877, 0.0279, -1464.7499986621608
LOWRISK4, -74999.99989948515, 0.004, -299.9999995979406
,, Defender Utility:,-40698.08795888589