RiskCategory, Payoff, Probability, Utility
SELECTEE, -12499.999998120687, 0.3705, -4631.2499993037145
UNKNOWN, -64799.491144433596, 0.2988, -19362.087953956758
LOWRISK1, -52500.00000618444, 0.1992, -10458.00000123194
LOWRISK2, -45000.0000091342, 0.0996, -4482.000000909766
LOWRISK3, -52499.99995957603, 0.0279, -1464.7499988721713
LOWRISK4, -74999.99991913505, 0.004, -299.9999996765402
,, Defender Utility:,-40698.08795395088