RiskCategory, Payoff, Probability, Utility
SELECTEE, -5625.000000020426, 0.3705, -2084.062500007568
UNKNOWN, -44999.99999997986, 0.2988, -13445.999999993983
LOWRISK1, -30000.00000009479, 0.1992, -5976.000000018882
LOWRISK2, -22500.000001333556, 0.0996, -2241.000000132822
LOWRISK3, -29999.99999796391, 0.0279, -836.9999999431932
LOWRISK4, -67499.99999668146, 0.004, -269.99999998672587
,, Defender Utility:,-24854.06250008317