RiskCategory, Payoff, Probability, Utility
SELECTEE, -12500.000003328907, 0.3705, -4631.25000123336
UNKNOWN, -64799.49114948694, 0.2988, -19362.087955466697
LOWRISK1, -52500.00000029584, 0.1992, -10458.000000058932
LOWRISK2, -45000.00000925098, 0.0996, -4482.000000921397
LOWRISK3, -52499.99995741792, 0.0279, -1464.74999881196
LOWRISK4, -74999.99991664136, 0.004, -299.99999966656543
,, Defender Utility:,-40698.08795615891