RiskCategory, Payoff, Probability, Utility
SELECTEE, -12500.000001740644, 0.3705, -4631.250000644908
UNKNOWN, -64799.491081127315, 0.2988, -19362.087935040843
LOWRISK1, -52499.999999685504, 0.1992, -10457.999999937352
LOWRISK2, -45000.00000214079, 0.0996, -4482.000000213223
LOWRISK3, -52499.999991636876, 0.0279, -1464.749999766669
LOWRISK4, -74999.99998221827, 0.004, -299.9999999288731
,, Defender Utility:,-40698.08793553186