RiskCategory, Payoff, Probability, Utility
SELECTEE, -9999.999999993985, 0.3705, -3704.9999999977713
UNKNOWN, -59999.99999999182, 0.2988, -17927.999999997555
LOWRISK1, -52499.99999998352, 0.1992, -10457.999999996717
LOWRISK2, -44999.99999992461, 0.0996, -4481.99999999249
LOWRISK3, -45000.000000662854, 0.0279, -1255.5000000184937
LOWRISK4, -74999.99999965067, 0.004, -299.9999999986027
,, Defender Utility:,-38128.50000000163