RiskCategory, Payoff, Probability, Utility
SELECTEE, -12500.000000018972, 0.3705, -4631.2500000070295
UNKNOWN, -64799.49106485693, 0.2988, -19362.087930179252
LOWRISK1, -52499.99999995325, 0.1992, -10457.999999990687
LOWRISK2, -45000.0000001116, 0.0996, -4482.000000011115
LOWRISK3, -52499.999999816566, 0.0279, -1464.7499999948823
LOWRISK4, -74999.9999996191, 0.004, -299.9999999984764
,, Defender Utility:,-40698.08793018145