RiskCategory, Payoff, Probability, Utility
SELECTEE, -12500.000001982284, 0.3705, -4631.250000734436
UNKNOWN, -64799.49112035615, 0.2988, -19362.087946762418
LOWRISK1, -52500.00003232016, 0.1992, -10458.000006438175
LOWRISK2, -45000.00001052389, 0.0996, -4482.000001048179
LOWRISK3, -52499.99996855956, 0.0279, -1464.749999122812
LOWRISK4, -74999.99993443034, 0.004, -299.99999973772134
,, Defender Utility:,-40698.087953843744