RiskCategory, Payoff, Probability, Utility
SELECTEE, -12499.99999521568, 0.3705, -4631.249998227409
UNKNOWN, -64799.491445509666, 0.2988, -19362.088043918287
LOWRISK1, -52500.00000106083, 0.1992, -10458.000000211316
LOWRISK2, -45000.000038117214, 0.0996, -4482.000003796475
LOWRISK3, -52499.999777464735, 0.0279, -1464.7499937912662
LOWRISK4, -74999.99966851344, 0.004, -299.99999867405376
,, Defender Utility:,-40698.0880386188