RiskCategory, Payoff, Probability, Utility
SELECTEE, -12499.99992673439, 0.3705, -4631.249972855091
UNKNOWN, -64799.49156277175, 0.2988, -19362.0880789562
LOWRISK1, -52500.00298688295, 0.1992, -10458.000594987083
LOWRISK2, -45000.00117909614, 0.0996, -4482.000117437976
LOWRISK3, -52499.99992335811, 0.0279, -1464.7499978616913
LOWRISK4, -74999.99928562039, 0.004, -299.99999714248156
,, Defender Utility:,-40698.08875924053