RiskCategory, Payoff, Probability, Utility
SELECTEE, -5625.000001141627, 0.3705, -2084.062500422973
UNKNOWN, -59999.99999485112, 0.2988, -17927.999998461513
LOWRISK1, -44999.99999965663, 0.1992, -8963.9999999316
LOWRISK2, -37499.99999927872, 0.0996, -3734.9999999281604
LOWRISK3, -44999.99998280852, 0.0279, -1255.4999995203577
LOWRISK4, -67499.99999606915, 0.004, -269.9999999842766
,, Defender Utility:,-34236.56249824888