RiskCategory, Payoff, Probability, Utility
SELECTEE, -5625.000098129805, 0.3705, -2084.062536357093
UNKNOWN, -52499.99998500398, 0.2988, -15686.99999551919
LOWRISK1, -44999.99985075787, 0.1992, -8963.999970270967
LOWRISK2, -37499.99910127383, 0.0996, -3734.9999104868734
LOWRISK3, -37499.9987086853, 0.0279, -1046.2499639723198
LOWRISK4, -67499.99909320328, 0.004, -269.99999637281314
,, Defender Utility:,-31786.312372979257