RiskCategory, Payoff, Probability, Utility
SELECTEE, -12500.000005046137, 0.3705, -4631.250001869594
UNKNOWN, -64799.49136246347, 0.2988, -19362.088019104085
LOWRISK1, -52500.00004010934, 0.1992, -10458.00000798978
LOWRISK2, -45000.0001056282, 0.0996, -4482.000010520568
LOWRISK3, -52499.99973761403, 0.0279, -1464.7499926794314
LOWRISK4, -74999.99958820711, 0.004, -299.99999835282847
,, Defender Utility:,-40698.08803051629