RiskCategory, Payoff, Probability, Utility
SELECTEE, -5625.000000006177, 0.3705, -2084.0625000022887
UNKNOWN, -29999.99999999116, 0.2988, -8963.999999997359
LOWRISK1, -22499.999999932257, 0.1992, -4481.999999986505
LOWRISK2, -16875.000000011663, 0.0996, -1680.7500000011617
LOWRISK3, -16874.999999956184, 0.0279, -470.8124999987776
LOWRISK4, -59999.99999949062, 0.004, -239.99999999796248
,, Defender Utility:,-17921.624999984055