RiskCategory, Payoff, Probability, Utility
SELECTEE, -7500.000002887057, 0.3705, -2778.750001069655
UNKNOWN, -59999.99999378955, 0.2988, -17927.999998144318
LOWRISK1, -46314.3703947547, 0.1992, -9225.822582635135
LOWRISK2, -44999.999853876114, 0.0996, -4481.99998544606
LOWRISK3, -45000.00010046016, 0.0279, -1255.5000028028385
LOWRISK4, -74999.99437799814, 0.004, -299.99997751199254
,, Defender Utility:,-35970.07254761