RiskCategory, Payoff, Probability, Utility
SELECTEE, -12499.99999452957, 0.3705, -4631.249997973206
UNKNOWN, -64799.49143713369, 0.2988, -19362.088041415547
LOWRISK1, -52500.00001147385, 0.1992, -10458.000002285591
LOWRISK2, -45000.00008054799, 0.0996, -4482.000008022579
LOWRISK3, -52499.999777616395, 0.0279, -1464.7499937954974
LOWRISK4, -74999.99967051945, 0.004, -299.99999868207783
,, Defender Utility:,-40698.0880421745