RiskCategory, Payoff, Probability, Utility
SELECTEE, -12499.998863493256, 0.3705, -4631.249578924251
UNKNOWN, -64799.49179712796, 0.2988, -19362.088148981835
LOWRISK1, -52500.00247210686, 0.1992, -10458.000492443687
LOWRISK2, -45000.00041986174, 0.0996, -4482.000041818229
LOWRISK3, -52499.99973207101, 0.0279, -1464.7499925247812
LOWRISK4, -74999.99946601689, 0.004, -299.99999786406755
,, Defender Utility:,-40698.08825255686