RiskCategory, Payoff, Probability, Utility
SELECTEE, -12500.000000121725, 0.3705, -4631.250000045099
UNKNOWN, -64799.491100614454, 0.2988, -19362.0879408636
LOWRISK1, -52499.99999768188, 0.1992, -10457.99999953823
LOWRISK2, -45000.00000273668, 0.0996, -4482.000000272573
LOWRISK3, -52499.99998468518, 0.0279, -1464.7499995727167
LOWRISK4, -74999.99997081816, 0.004, -299.9999998832726
,, Defender Utility:,-40698.087940175494