RiskCategory, Payoff, Probability, Utility
SELECTEE, -7500.0000013946155, 0.3705, -2778.750000516705
UNKNOWN, -59999.9999994953, 0.2988, -17927.9999998492
LOWRISK1, -46314.3684436051, 0.1992, -9225.822193966134
LOWRISK2, -44999.999998546555, 0.0996, -4481.999999855237
LOWRISK3, -45000.00000249674, 0.0279, -1255.500000069659
LOWRISK4, -74999.9998966892, 0.004, -299.9999995867568
,, Defender Utility:,-35970.07219384369