RiskCategory, Payoff, Probability, Utility
SELECTEE, -7500.000001103913, 0.3705, -2778.7500004089998
UNKNOWN, -59999.99999044803, 0.2988, -17927.99999714587
LOWRISK1, -47473.022776974525, 0.1992, -9456.626137173325
LOWRISK2, -44999.999993664285, 0.0996, -4481.999999368963
LOWRISK3, -45000.00001146619, 0.0279, -1255.5000003199068
LOWRISK4, -74999.99960454638, 0.004, -299.9999984181855
,, Defender Utility:,-36200.876132835256