RiskCategory, Payoff, Probability, Utility
SELECTEE, -12500.00000250577, 0.3705, -4631.250000928388
UNKNOWN, -64799.49124719192, 0.2988, -19362.087984660946
LOWRISK1, -52499.99998669611, 0.1992, -10457.999997349863
LOWRISK2, -45000.00001703372, 0.0996, -4482.000001696559
LOWRISK3, -52499.99992128964, 0.0279, -1464.749997803981
LOWRISK4, -74999.99980659965, 0.004, -299.9999992263986
,, Defender Utility:,-40698.087981666125