RiskCategory, Payoff, Probability, Utility
SELECTEE, -12499.99998815918, 0.3705, -4631.249995612976
UNKNOWN, -64799.49126005694, 0.2988, -19362.087988505013
LOWRISK1, -52500.00002179922, 0.1992, -10458.000004342404
LOWRISK2, -45000.000017043174, 0.0996, -4482.0000016975
LOWRISK3, -52499.99991336895, 0.0279, -1464.7499975829937
LOWRISK4, -74999.99978560027, 0.004, -299.9999991424011
,, Defender Utility:,-40698.08798688329