RiskCategory, Payoff, Probability, Utility
SELECTEE, -5625.0000030594365, 0.3705, -2084.062501133521
UNKNOWN, -14999.999984362585, 0.2988, -4481.99999532754
LOWRISK1, -9374.999988553756, 0.1992, -1867.4999977199082
LOWRISK2, -7499.999957752768, 0.0996, -746.9999957921756
LOWRISK3, -7499.999885818374, 0.0279, -209.24999681433266
LOWRISK4, -30000.005819580856, 0.004, -120.00002327832343
,, Defender Utility:,-9509.812510065802