RiskCategory, Payoff, Probability, Utility
SELECTEE, -5625.000000040943, 0.3705, -2084.0625000151695
UNKNOWN, -16874.999999994543, 0.2988, -5042.249999998369
LOWRISK1, -13125.000014937696, 0.1992, -2614.500002975589
LOWRISK2, -11249.999999948865, 0.0996, -1120.4999999949068
LOWRISK3, -11249.999995285783, 0.0279, -313.87499986847337
LOWRISK4, -44999.99999293638, 0.004, -179.99999997174552
,, Defender Utility:,-11355.187502824252