RiskCategory, Payoff, Probability, Utility
SELECTEE, -12500.000006568767, 0.3705, -4631.250002433728
UNKNOWN, -64799.49116229332, 0.2988, -19362.087959293243
LOWRISK1, -52499.99996136534, 0.1992, -10457.999992303976
LOWRISK2, -45000.000036295874, 0.0996, -4482.000003615069
LOWRISK3, -52499.9999527738, 0.0279, -1464.7499986823889
LOWRISK4, -74999.99990973771, 0.004, -299.99999963895084
,, Defender Utility:,-40698.087955967356