RiskCategory, Payoff, Probability, Utility
SELECTEE, -12500.000000197477, 0.3705, -4631.250000073165
UNKNOWN, -64799.491068688956, 0.2988, -19362.087931324262
LOWRISK1, -52500.00000048171, 0.1992, -10458.000000095957
LOWRISK2, -45000.00000072705, 0.0996, -4482.000000072414
LOWRISK3, -52499.999998456515, 0.0279, -1464.7499999569368
LOWRISK4, -74999.99999622244, 0.004, -299.99999998488977
,, Defender Utility:,-40698.087931507616