RiskCategory, Payoff, Probability, Utility
SELECTEE, -12500.000004422687, 0.3705, -4631.250001638606
UNKNOWN, -64799.49153194386, 0.2988, -19362.088069744826
LOWRISK1, -52499.99999810024, 0.1992, -10457.999999621567
LOWRISK2, -45000.00026078867, 0.0996, -4482.000025974551
LOWRISK3, -52499.99949768923, 0.0279, -1464.7499859855295
LOWRISK4, -74999.99879161101, 0.004, -299.999995166444
,, Defender Utility:,-40698.08807813152