RiskCategory, Payoff, Probability, Utility
SELECTEE, -12500.000000003993, 0.3705, -4631.250000001479
UNKNOWN, -64799.491065293325, 0.2988, -19362.087930309644
LOWRISK1, -52500.00000013849, 0.1992, -10458.000000027587
LOWRISK2, -45000.000000152366, 0.0996, -4482.000000015175
LOWRISK3, -52499.99999955143, 0.0279, -1464.749999987485
LOWRISK4, -74999.9999990257, 0.004, -299.9999999961028
,, Defender Utility:,-40698.08793033747