RiskCategory, Payoff, Probability, Utility
SELECTEE, -5625.000000054722, 0.3705, -2084.0625000202745
UNKNOWN, -29999.99999966636, 0.2988, -8963.999999900308
LOWRISK1, -16875.00000016456, 0.1992, -3361.50000003278
LOWRISK2, -15000.000000947453, 0.0996, -1494.0000000943662
LOWRISK3, -15000.000000380729, 0.0279, -418.50000001062233
LOWRISK4, -59999.99999160285, 0.004, -239.9999999664114
,, Defender Utility:,-16562.062500024764