RiskCategory, Payoff, Probability, Utility
SELECTEE, -12500.000000221986, 0.3705, -4631.250000082246
UNKNOWN, -64799.491079331514, 0.2988, -19362.087934504256
LOWRISK1, -52500.0000001136, 0.1992, -10458.000000022628
LOWRISK2, -45000.00000170414, 0.0996, -4482.000000169732
LOWRISK3, -52499.99999342177, 0.0279, -1464.7499998164674
LOWRISK4, -74999.99998728678, 0.004, -299.99999994914714
,, Defender Utility:,-40698.08793454448