RiskCategory, Payoff, Probability, Utility
SELECTEE, -12500.000001089711, 0.3705, -4631.250000403738
UNKNOWN, -64799.491130528244, 0.2988, -19362.08794980184
LOWRISK1, -52500.000000328146, 0.1992, -10458.000000065365
LOWRISK2, -45000.00000913958, 0.0996, -4482.000000910301
LOWRISK3, -52499.999966995434, 0.0279, -1464.7499990791728
LOWRISK4, -74999.99993803527, 0.004, -299.9999997521411
,, Defender Utility:,-40698.08795001256