RiskCategory, Payoff, Probability, Utility
SELECTEE, -5625.000000046852, 0.3705, -2084.0625000173586
UNKNOWN, -22500.000000075695, 0.2988, -6723.000000022618
LOWRISK1, -16874.999999796848, 0.1992, -3361.499999959532
LOWRISK2, -14999.999999959786, 0.0996, -1493.9999999959946
LOWRISK3, -14999.999995571387, 0.0279, -418.4999998764417
LOWRISK4, -59999.99998534685, 0.004, -239.9999999413874
,, Defender Utility:,-14321.062499813332