RiskCategory, Payoff, Probability, Utility
SELECTEE, -5625.000000012544, 0.3705, -2084.0625000046475
UNKNOWN, -16875.000000014606, 0.2988, -5042.250000004365
LOWRISK1, -14450.225315787671, 0.1992, -2878.4848829049038
LOWRISK2, -11249.999999946009, 0.0996, -1120.4999999946224
LOWRISK3, -9375.000009234896, 0.0279, -261.5625002576536
LOWRISK4, -44999.99999942938, 0.004, -179.99999999771754
,, Defender Utility:,-11566.85988316391