RiskCategory, Payoff, Probability, Utility
SELECTEE, -12500.000011886394, 0.3705, -4631.250004403909
UNKNOWN, -64799.49123932185, 0.2988, -19362.087982309367
LOWRISK1, -52499.99999658223, 0.1992, -10457.99999931918
LOWRISK2, -45000.000049125825, 0.0996, -4482.000004892932
LOWRISK3, -52499.99987656071, 0.0279, -1464.749996556044
LOWRISK4, -74999.99969578325, 0.004, -299.999998783133
,, Defender Utility:,-40698.08798626456