RiskCategory, Payoff, Probability, Utility
SELECTEE, -12500.000020091971, 0.3705, -4631.250007444075
UNKNOWN, -64799.492245945235, 0.2988, -19362.088283088437
LOWRISK1, -52500.00004994016, 0.1992, -10458.000009948079
LOWRISK2, -45000.000486388286, 0.0996, -4482.000048444273
LOWRISK3, -52499.99934849483, 0.0279, -1464.7499818230058
LOWRISK4, -74999.99836486705, 0.004, -299.9999934594682
,, Defender Utility:,-40698.08832420734