RiskCategory, Payoff, Probability, Utility
SELECTEE, -5625.000001445713, 0.3705, -2084.0625005356364
UNKNOWN, -22499.999991387052, 0.2988, -6722.999997426451
LOWRISK1, -14999.999999527956, 0.1992, -2987.9999999059687
LOWRISK2, -14999.999726799466, 0.0996, -1493.9999727892266
LOWRISK3, -11250.00009981781, 0.0279, -313.8750027849169
LOWRISK4, -52499.999852232046, 0.004, -209.99999940892818
,, Defender Utility:,-13812.937472851128