RiskCategory, Payoff, Probability, Utility
SELECTEE, -5625.00000018096, 0.3705, -2084.0625000670457
UNKNOWN, -5625.000000148813, 0.2988, -1680.7500000444654
LOWRISK1, -5625.000000294994, 0.1992, -1120.5000000587627
LOWRISK2, -5625.000000339051, 0.0996, -560.2500000337695
LOWRISK3, -5624.99999807402, 0.0279, -156.93749994626518
LOWRISK4, -5625.000009035296, 0.004, -22.500000036141184
,, Defender Utility:,-5625.00000018645