RiskCategory, Payoff, Probability, Utility
SELECTEE, -5625.000000119366, 0.3705, -2084.062500044225
UNKNOWN, -22499.999990936878, 0.2988, -6722.9999972919395
LOWRISK1, -14999.999998800731, 0.1992, -2987.9999997611053
LOWRISK2, -11250.000014260404, 0.0996, -1120.5000014203363
LOWRISK3, -11249.99999885667, 0.0279, -313.8749999681011
LOWRISK4, -52499.99988541239, 0.004, -209.99999954164957
,, Defender Utility:,-13439.437498027355