RiskCategory, Payoff, Probability, Utility
SELECTEE, -5625.000001824169, 0.3705, -2084.0625006758546
UNKNOWN, -22500.000032562624, 0.2988, -6723.0000097297125
LOWRISK1, -16874.999996018218, 0.1992, -3361.4999992068288
LOWRISK2, -15000.000003266336, 0.0996, -1494.000000325327
LOWRISK3, -14999.999906601892, 0.0279, -418.4999973941928
LOWRISK4, -59999.999329550395, 0.004, -239.9999973182016
,, Defender Utility:,-14321.062504650115