RiskCategory, Payoff, Probability, Utility
SELECTEE, -5625.000003274526, 0.3705, -2084.062501213212
UNKNOWN, -22499.99999268567, 0.2988, -6722.999997814478
LOWRISK1, -15000.000036965052, 0.1992, -2988.0000073634383
LOWRISK2, -14999.999962558972, 0.0996, -1493.9999962708735
LOWRISK3, -13125.000031029855, 0.0279, -366.18750086573294
LOWRISK4, -59999.995757223194, 0.004, -239.99998302889279
,, Defender Utility:,-13895.249986556628