RiskCategory, Payoff, Probability, Utility
SELECTEE, -12499.99999996621, 0.3705, -4631.249999987481
UNKNOWN, -64799.49106512152, 0.2988, -19362.08793025831
LOWRISK1, -52500.00000014372, 0.1992, -10458.000000028629
LOWRISK2, -45000.00000009709, 0.0996, -4482.00000000967
LOWRISK3, -52499.999999662374, 0.0279, -1464.7499999905804
LOWRISK4, -74999.99999917504, 0.004, -299.9999999967002
,, Defender Utility:,-40698.087930271366