RiskCategory, Payoff, Probability, Utility
SELECTEE, -12500.000010109712, 0.3705, -4631.250003745648
UNKNOWN, -64799.49153854462, 0.2988, -19362.088071717135
LOWRISK1, -52500.00000252449, 0.1992, -10458.000000502878
LOWRISK2, -45000.00014393112, 0.0996, -4482.00001433554
LOWRISK3, -52499.999756652825, 0.0279, -1464.7499932106139
LOWRISK4, -74999.99960634964, 0.004, -299.99999842539853
,, Defender Utility:,-40698.08808193721