RiskCategory, Payoff, Probability, Utility
SELECTEE, -12500.000022415119, 0.3705, -4631.250008304802
UNKNOWN, -64799.49131647367, 0.2988, -19362.088005362333
LOWRISK1, -52499.99998180111, 0.1992, -10457.999996374781
LOWRISK2, -45000.00007477816, 0.0996, -4482.000007447905
LOWRISK3, -52499.999820952486, 0.0279, -1464.7499950045744
LOWRISK4, -74999.99958178193, 0.004, -299.99999832712774
,, Defender Utility:,-40698.08801082152