RiskCategory, Payoff, Probability, Utility
SELECTEE, -5625.000000803065, 0.3705, -2084.0625002975353
UNKNOWN, -22499.999998744104, 0.2988, -6722.999999624739
LOWRISK1, -15000.000032323449, 0.1992, -2988.000006438831
LOWRISK2, -14999.999993274796, 0.0996, -1493.9999993301697
LOWRISK3, -13125.000051013001, 0.0279, -366.18750142326274
LOWRISK4, -59999.99933760235, 0.004, -239.9999973504094
,, Defender Utility:,-13895.250004464948