RiskCategory, Payoff, Probability, Utility
SELECTEE, -12500.00000026221, 0.3705, -4631.250000097149
UNKNOWN, -64799.49106533591, 0.2988, -19362.08793032237
LOWRISK1, -52500.00000044686, 0.1992, -10458.000000089014
LOWRISK2, -45000.00000062848, 0.0996, -4482.000000062597
LOWRISK3, -52499.99999944295, 0.0279, -1464.7499999844586
LOWRISK4, -74999.99999876515, 0.004, -299.99999999506065
,, Defender Utility:,-40698.087930550646