RiskCategory, Payoff, Probability, Utility
SELECTEE, -5625.000000070712, 0.3705, -2084.062500026199
UNKNOWN, -7499.999999954347, 0.2988, -2240.999999986359
LOWRISK1, -5625.000000284902, 0.1992, -1120.5000000567525
LOWRISK2, -5625.000000360723, 0.0996, -560.250000035928
LOWRISK3, -5625.000001482185, 0.0279, -156.937500041353
LOWRISK4, -22499.99996808572, 0.004, -89.99999987234288
,, Defender Utility:,-6252.750000018935