RiskCategory, Payoff, Probability, Utility
SELECTEE, -5625.000018933822, 0.3705, -2084.062507014981
UNKNOWN, -52499.99997572115, 0.2988, -15686.99999274548
LOWRISK1, -37500.000012876924, 0.1992, -7470.0000025650825
LOWRISK2, -29999.999974105012, 0.0996, -2987.999997420859
LOWRISK3, -29999.999987030296, 0.0279, -836.9999996381453
LOWRISK4, -67499.99970935947, 0.004, -269.9999988374379
,, Defender Utility:,-29336.06249822198