RiskCategory, Payoff, Probability, Utility
SELECTEE, -7500.000015063896, 0.3705, -2778.7500055811734
UNKNOWN, -59999.99999935228, 0.2988, -17927.999999806463
LOWRISK1, -47473.022785279216, 0.1992, -9456.62613882762
LOWRISK2, -44999.99999625948, 0.0996, -4481.999999627444
LOWRISK3, -45000.00000286243, 0.0279, -1255.5000000798618
LOWRISK4, -74999.99986717504, 0.004, -299.99999946870014
,, Defender Utility:,-36200.87614339126