RiskCategory, Payoff, Probability, Utility
SELECTEE, -12499.999776970431, 0.3705, -4631.249917367545
UNKNOWN, -60000.00000014575, 0.2988, -17928.00000004355
LOWRISK1, -52499.9999983398, 0.1992, -10457.999999669288
LOWRISK2, -44999.9999992094, 0.0996, -4481.999999921256
LOWRISK3, -52499.9999622981, 0.0279, -1464.749998948117
LOWRISK4, -74999.99997253314, 0.004, -299.9999998901326
,, Defender Utility:,-39263.999915839886