RiskCategory, Payoff, Probability, Utility
SELECTEE, -5625.000000058724, 0.3705, -2084.0625000217574
UNKNOWN, -16875.000000071235, 0.2988, -5042.250000021285
LOWRISK1, -14999.99999967896, 0.1992, -2987.9999999360484
LOWRISK2, -11250.000000027789, 0.0996, -1120.5000000027676
LOWRISK3, -11249.99999926023, 0.0279, -313.87499997936044
LOWRISK4, -45000.00000080692, 0.004, -180.00000000322768
,, Defender Utility:,-11728.687499964444