RiskCategory, Payoff, Probability, Utility
SELECTEE, -12500.000000304097, 0.3705, -4631.250000112668
UNKNOWN, -64799.49109195559, 0.2988, -19362.08793827633
LOWRISK1, -52500.00000095756, 0.1992, -10458.000000190745
LOWRISK2, -45000.00000280256, 0.0996, -4482.000000279135
LOWRISK3, -52499.99998767622, 0.0279, -1464.7499996561667
LOWRISK4, -74999.99997284925, 0.004, -299.999999891397
,, Defender Utility:,-40698.08793840645