RiskCategory, Payoff, Probability, Utility
SELECTEE, -12500.000052424188, 0.3705, -4631.250019423162
UNKNOWN, -64799.49146672225, 0.2988, -19362.088050256607
LOWRISK1, -52500.00000028044, 0.1992, -10458.000000055863
LOWRISK2, -45000.000193593456, 0.0996, -4482.000019281908
LOWRISK3, -52499.99980727145, 0.0279, -1464.7499946228736
LOWRISK4, -74999.9994649933, 0.004, -299.99999785997323
,, Defender Utility:,-40698.088081500384