RiskCategory, Payoff, Probability, Utility
SELECTEE, -12499.999990434586, 0.3705, -4631.249996456014
UNKNOWN, -64799.49131210469, 0.2988, -19362.08800405688
LOWRISK1, -52500.00001092201, 0.1992, -10458.000002175664
LOWRISK2, -45000.00002132608, 0.0996, -4482.000002124078
LOWRISK3, -52499.999901745025, 0.0279, -1464.7499972586863
LOWRISK4, -74999.9997959891, 0.004, -299.99999918395645
,, Defender Utility:,-40698.08800125528