RiskCategory, Payoff, Probability, Utility
SELECTEE, -12499.999536784915, 0.3705, -4631.249828378811
UNKNOWN, -64799.491880887625, 0.2988, -19362.088174009223
LOWRISK1, -52500.001095278065, 0.1992, -10458.00021817939
LOWRISK2, -44999.99985588892, 0.0996, -4481.9999856465365
LOWRISK3, -52499.999278867035, 0.0279, -1464.7499798803904
LOWRISK4, -74999.99820813363, 0.004, -299.99999283253453
,, Defender Utility:,-40698.08817892689