RiskCategory, Payoff, Probability, Utility
SELECTEE, -5625.000000492657, 0.3705, -2084.062500182529
UNKNOWN, -29999.999997377283, 0.2988, -8963.999999216332
LOWRISK1, -16875.00000338284, 0.1992, -3361.5000006738615
LOWRISK2, -15000.00002997126, 0.0996, -1494.0000029851374
LOWRISK3, -15000.00001184293, 0.0279, -418.5000003304178
LOWRISK4, -59999.999914091175, 0.004, -239.9999996563647
,, Defender Utility:,-16562.062503044643