RiskCategory, Payoff, Probability, Utility
SELECTEE, -12499.9999666542, 0.3705, -4631.249987645381
UNKNOWN, -60000.0000085202, 0.2988, -17928.000002545836
LOWRISK1, -52500.000044486755, 0.1992, -10458.000008861762
LOWRISK2, -45000.00003489007, 0.0996, -4482.000003475051
LOWRISK3, -52499.9995618348, 0.0279, -1464.749987775191
LOWRISK4, -74999.99925078191, 0.004, -299.99999700312765
,, Defender Utility:,-39263.99998730634