RiskCategory, Payoff, Probability, Utility
SELECTEE, -12500.000030463407, 0.3705, -4631.250011286692
UNKNOWN, -64799.4915177862, 0.2988, -19362.088065514516
LOWRISK1, -52499.99999819533, 0.1992, -10457.99999964051
LOWRISK2, -45000.000175395755, 0.0996, -4482.000017469417
LOWRISK3, -52499.99973166464, 0.0279, -1464.7499925134434
LOWRISK4, -74999.99937412293, 0.004, -299.9999974964917
,, Defender Utility:,-40698.08808392106