RiskCategory, Payoff, Probability, Utility
SELECTEE, -12500.000000033766, 0.3705, -4631.25000001251
UNKNOWN, -64799.49107028293, 0.2988, -19362.08793180054
LOWRISK1, -52500.00000050109, 0.1992, -10458.000000099815
LOWRISK2, -45000.0000008095, 0.0996, -4482.000000080626
LOWRISK3, -52499.999996806895, 0.0279, -1464.7499999109125
LOWRISK4, -74999.99999069158, 0.004, -299.9999999627663
,, Defender Utility:,-40698.08793186717