RiskCategory, Payoff, Probability, Utility
SELECTEE, -5625.000000017972, 0.3705, -2084.0625000066584
UNKNOWN, -29999.999999971675, 0.2988, -8963.999999991536
LOWRISK1, -22499.99999976195, 0.1992, -4481.99999995258
LOWRISK2, -16874.99999999312, 0.0996, -1680.7499999993147
LOWRISK3, -16874.999999177206, 0.0279, -470.81249997704407
LOWRISK4, -59999.999998456566, 0.004, -239.99999999382626
,, Defender Utility:,-17921.62499992096