RiskCategory, Payoff, Probability, Utility
SELECTEE, -5625.0000009375535, 0.3705, -2084.0625003473638
UNKNOWN, -29999.999999753847, 0.2988, -8963.99999992645
LOWRISK1, -22499.999993888156, 0.1992, -4481.99999878252
LOWRISK2, -16875.00000618268, 0.0996, -1680.7500006157948
LOWRISK3, -16875.000002946275, 0.0279, -470.8125000822011
LOWRISK4, -59999.99994722507, 0.004, -239.99999978890028
,, Defender Utility:,-17921.624999543226