RiskCategory, Payoff, Probability, Utility
SELECTEE, -5625.00000173674, 0.3705, -2084.062500643462
UNKNOWN, -44999.99999609307, 0.2988, -13445.99999883261
LOWRISK1, -29999.999996889586, 0.1992, -5975.999999380405
LOWRISK2, -22499.999997417865, 0.0996, -2240.999999742819
LOWRISK3, -22500.00002080222, 0.0279, -627.750000580382
LOWRISK4, -67499.99980089806, 0.004, -269.99999920359227
,, Defender Utility:,-24644.81249838327