RiskCategory, Payoff, Probability, Utility
SELECTEE, -5625.000000028236, 0.3705, -2084.0625000104615
UNKNOWN, -37499.999999542975, 0.2988, -11204.999999863441
LOWRISK1, -22499.99999993739, 0.1992, -4481.999999987528
LOWRISK2, -22499.999982438792, 0.0996, -2240.9999982509034
LOWRISK3, -16875.00000157929, 0.0279, -470.81250004406223
LOWRISK4, -59999.99999995387, 0.004, -239.9999999998155
,, Defender Utility:,-20722.87499815621