RiskCategory, Payoff, Probability, Utility
SELECTEE, -5625.000000633637, 0.3705, -2084.0625002347624
UNKNOWN, -22499.999997979212, 0.2988, -6722.999999396189
LOWRISK1, -15000.0000035797, 0.1992, -2988.000000713076
LOWRISK2, -14999.999988057434, 0.0996, -1493.9999988105203
LOWRISK3, -13124.999988041634, 0.0279, -366.1874996663616
LOWRISK4, -52500.00072093291, 0.004, -210.00000288373167
,, Defender Utility:,-13865.250001704642