RiskCategory, Payoff, Probability, Utility
SELECTEE, -5625.000002672423, 0.3705, -2084.062500990133
UNKNOWN, -59999.9999988887, 0.2988, -17927.999999667943
LOWRISK1, -44999.99999989778, 0.1992, -8963.999999979636
LOWRISK2, -37499.99999989261, 0.0996, -3734.9999999893034
LOWRISK3, -44999.999993512865, 0.0279, -1255.499999819009
LOWRISK4, -67499.99999644072, 0.004, -269.9999999857629
,, Defender Utility:,-34236.56250043179