RiskCategory, Payoff, Probability, Utility
SELECTEE, -12500.00000000284, 0.3705, -4631.250000001052
UNKNOWN, -64799.49107974152, 0.2988, -19362.08793462677
LOWRISK1, -52500.000001829, 0.1992, -10458.000000364336
LOWRISK2, -45000.000001713706, 0.0996, -4482.000000170685
LOWRISK3, -52499.9999923972, 0.0279, -1464.749999787882
LOWRISK4, -74999.99998468059, 0.004, -299.99999993872234
,, Defender Utility:,-40698.08793488945