RiskCategory, Payoff, Probability, Utility
SELECTEE, -7500.000012949686, 0.3705, -2778.7500047978583
UNKNOWN, -59999.99999903801, 0.2988, -17927.999999712556
LOWRISK1, -47473.0227822211, 0.1992, -9456.626138218442
LOWRISK2, -44999.999996493454, 0.0996, -4481.999999650748
LOWRISK3, -45000.00000236852, 0.0279, -1255.5000000660818
LOWRISK4, -74999.99987939175, 0.004, -299.999999517567
,, Defender Utility:,-36200.87614196325