RiskCategory, Payoff, Probability, Utility
SELECTEE, -7500.000007745463, 0.3705, -2778.750002869694
UNKNOWN, -60000.00000013449, 0.2988, -17928.000000040185
LOWRISK1, -47473.02289117888, 0.1992, -9456.626159922833
LOWRISK2, -44999.999986275, 0.0996, -4481.999998632989
LOWRISK3, -45000.00000336937, 0.0279, -1255.5000000940056
LOWRISK4, -74999.99943458987, 0.004, -299.9999977383595
,, Defender Utility:,-36200.87615929806