RiskCategory, Payoff, Probability, Utility
SELECTEE, -5625.000001585676, 0.3705, -2084.0625005874927
UNKNOWN, -22499.999999256455, 0.2988, -6722.999999777829
LOWRISK1, -16874.999968040796, 0.1992, -3361.4999936337263
LOWRISK2, -14999.999992083616, 0.0996, -1493.9999992115281
LOWRISK3, -14999.999109362896, 0.0279, -418.4999751512248
LOWRISK4, -59999.999158313956, 0.004, -239.99999663325582
,, Defender Utility:,-14321.062464995057