RiskCategory, Payoff, Probability, Utility
SELECTEE, -5625.0000064208125, 0.3705, -2084.062502378911
UNKNOWN, -29999.9999956917, 0.2988, -8963.999998712681
LOWRISK1, -22499.999953764374, 0.1992, -4481.999990789863
LOWRISK2, -16874.999998085637, 0.0996, -1680.7499998093294
LOWRISK3, -16874.999592508553, 0.0279, -470.81248863098864
LOWRISK4, -59999.99974217131, 0.004, -239.99999896868525
,, Defender Utility:,-17921.624979290456