RiskCategory, Payoff, Probability, Utility
SELECTEE, -5625.000000008821, 0.3705, -2084.0625000032683
UNKNOWN, -22499.999999935, 0.2988, -6722.999999980579
LOWRISK1, -14999.999999978892, 0.1992, -2987.9999999957954
LOWRISK2, -13125.000000088812, 0.0996, -1307.2500000088455
LOWRISK3, -11250.00000016402, 0.0279, -313.8750000045762
LOWRISK4, -52499.99999871508, 0.004, -209.99999999486033
,, Defender Utility:,-13626.187499987924