RiskCategory, Payoff, Probability, Utility
SELECTEE, -5625.000000013134, 0.3705, -2084.0625000048663
UNKNOWN, -22499.999999947824, 0.2988, -6722.99999998441
LOWRISK1, -15000.000000026459, 0.1992, -2988.0000000052705
LOWRISK2, -14999.999999562926, 0.0996, -1493.9999999564673
LOWRISK3, -13124.999992381776, 0.0279, -366.18749978745154
LOWRISK4, -52499.99999927941, 0.004, -209.99999999711764
,, Defender Utility:,-13865.249999735583