RiskCategory, Payoff, Probability, Utility
SELECTEE, -12499.999999196936, 0.3705, -4631.249999702465
UNKNOWN, -64799.49107211864, 0.2988, -19362.08793234905
LOWRISK1, -52500.00000140736, 0.1992, -10458.000000280344
LOWRISK2, -45000.00000105855, 0.0996, -4482.000000105431
LOWRISK3, -52499.99999590107, 0.0279, -1464.74999988564
LOWRISK4, -74999.99998886837, 0.004, -299.99999995547347
,, Defender Utility:,-40698.087932278395