RiskCategory, Payoff, Probability, Utility
SELECTEE, -5625.000000007819, 0.3705, -2084.0625000028967
UNKNOWN, -30000.000000003627, 0.2988, -8964.000000001084
LOWRISK1, -22499.999999952983, 0.1992, -4481.999999990634
LOWRISK2, -16875.000000087446, 0.0996, -1680.7500000087095
LOWRISK3, -16875.000000208096, 0.0279, -470.8125000058059
LOWRISK4, -59999.99999960102, 0.004, -239.9999999984041
,, Defender Utility:,-17921.625000007534