RiskCategory, Payoff, Probability, Utility
SELECTEE, -5625.000001170068, 0.3705, -2084.06250043351
UNKNOWN, -16875.000000898024, 0.2988, -5042.25000026833
LOWRISK1, -14023.371834407124, 0.1992, -2793.4556694138987
LOWRISK2, -11249.999997041677, 0.0996, -1120.499999705351
LOWRISK3, -11249.999804419847, 0.0279, -313.87499454331373
LOWRISK4, -44999.99985036664, 0.004, -179.99999940146657
,, Defender Utility:,-11534.143163765872