RiskCategory, Payoff, Probability, Utility
SELECTEE, -5625.000000538525, 0.3705, -2084.062500199523
UNKNOWN, -29999.99999296771, 0.2988, -8963.999997898753
LOWRISK1, -16875.000000783235, 0.1992, -3361.50000015602
LOWRISK2, -15000.000005054339, 0.0996, -1494.0000005034121
LOWRISK3, -14999.999997672967, 0.0279, -418.4999999350758
LOWRISK4, -59999.999871425585, 0.004, -239.99999948570235
,, Defender Utility:,-16562.062498178486