RiskCategory, Payoff, Probability, Utility
SELECTEE, -12499.999928464427, 0.3705, -4631.24997349607
UNKNOWN, -64799.49169156998, 0.2988, -19362.08811744111
LOWRISK1, -52500.00009746584, 0.1992, -10458.000019415194
LOWRISK2, -45000.00025389359, 0.0996, -4482.000025287801
LOWRISK3, -52499.999644690804, 0.0279, -1464.7499900868736
LOWRISK4, -74999.99912364723, 0.004, -299.9999964945889
,, Defender Utility:,-40698.088122221634