RiskCategory, Payoff, Probability, Utility
SELECTEE, -5625.000064794035, 0.3705, -2084.06252400619
UNKNOWN, -37499.999932642764, 0.2988, -11204.999979873659
LOWRISK1, -29999.990984692282, 0.1992, -5975.998204150702
LOWRISK2, -22499.999564293674, 0.0996, -2240.99995660365
LOWRISK3, -22499.99825576537, 0.0279, -627.7499513358539
LOWRISK4, -60000.003445550596, 0.004, -240.0000137822024
,, Defender Utility:,-22373.810629752257