RiskCategory, Payoff, Probability, Utility
SELECTEE, -12500.000000110875, 0.3705, -4631.250000041079
UNKNOWN, -64799.49106547567, 0.2988, -19362.08793036413
LOWRISK1, -52500.000000111824, 0.1992, -10458.000000022275
LOWRISK2, -45000.00000077862, 0.0996, -4482.000000077551
LOWRISK3, -52499.999998473344, 0.0279, -1464.7499999574063
LOWRISK4, -74999.9999949068, 0.004, -299.9999999796272
,, Defender Utility:,-40698.08793044207