RiskCategory, Payoff, Probability, Utility
SELECTEE, -12499.999998496785, 0.3705, -4631.249999443059
UNKNOWN, -64799.492256610276, 0.2988, -19362.08828627515
LOWRISK1, -52500.000069976486, 0.1992, -10458.000013939316
LOWRISK2, -45000.000508270525, 0.0996, -4482.000050623744
LOWRISK3, -52499.99934947333, 0.0279, -1464.7499818503059
LOWRISK4, -74999.99836159043, 0.004, -299.99999344636177
,, Defender Utility:,-40698.08832557793