RiskCategory, Payoff, Probability, Utility
SELECTEE, -5625.0001306454415, 0.3705, -2084.062548404136
UNKNOWN, -52500.00001118208, 0.2988, -15687.000003341205
LOWRISK1, -44999.99990221761, 0.1992, -8963.999980521749
LOWRISK2, -37499.99973934159, 0.0996, -3734.9999740384224
LOWRISK3, -37500.00000221479, 0.0279, -1046.2500000617927
LOWRISK4, -67499.99923163815, 0.004, -269.9999969265526
,, Defender Utility:,-31786.312503293855