RiskCategory, Payoff, Probability, Utility
SELECTEE, -12499.999999912872, 0.3705, -4631.249999967719
UNKNOWN, -64799.49106635217, 0.2988, -19362.08793062603
LOWRISK1, -52500.00000027806, 0.1992, -10458.000000055388
LOWRISK2, -45000.00000017958, 0.0996, -4482.000000017886
LOWRISK3, -52499.99999920121, 0.0279, -1464.7499999777137
LOWRISK4, -74999.99999828672, 0.004, -299.99999999314684
,, Defender Utility:,-40698.087930637885